Symbol,Name,Category
ABB,ABB India Limited,Large
ADANIENSOL,Adani Energy Solutions Limited,Large
ADANIENT,Adani Enterprises Limited,Large
ADANIGREEN,Adani Green Energy Limited,Large
ADANIPORTS,Adani Ports and Special Economic Zone Limited,Large
ADANIPOWER,Adani Power Limited,Large
AMBUJACEM,Ambuja Cements Limited,Large
APOLLOHOSP,Apollo Hospitals Enterprise Limited,Large
ASIANPAINT,Asian Paints Limited,Large
AXISBANK,Axis Bank Limited,Large
BAJAJ-AUTO,Bajaj Auto Limited,Large
BAJAJFINSV,Bajaj Finserv Limited,Large
BAJAJHLDNG,Bajaj Holdings & Investment Limited,Large
BAJFINANCE,Bajaj Finance Limited,Large
BANKBARODA,Bank of Baroda,Large
BEL,Bharat Electronics Limited,Large
BHARTIARTL,Bharti Airtel Limited,Large
BOSCHLTD,Bosch Limited,Large
BPCL,Bharat Petroleum Corporation Limited,Large
BRITANNIA,Britannia Industries Limited,Large
CANBK,Canara Bank,Large
CGPOWER,CG Power and Industrial Solutions Limited,Large
CHOLAFIN,Cholamandalam Investment and Finance Company Limited,Large
CIPLA,Cipla Limited,Large
COALINDIA,Coal India Limited,Large
CUMMINSIND,Cummins India Limited,Large
DIVISLAB,Divi's Laboratories Limited,Large
DLF,DLF Limited,Large
DMART,Avenue Supermarts Limited,Large
DRREDDY,Dr. Reddy's Laboratories Limited,Large
EICHERMOT,Eicher Motors Limited,Large
ENRIN,Siemens Energy India Limited,Large
ETERNAL,ETERNAL LIMITED,Large
GAIL,GAIL (India) Limited,Large
GODREJCP,Godrej Consumer Products Limited,Large
GRASIM,Grasim Industries Limited,Large
HAL,Hindustan Aeronautics Limited,Large
HCLTECH,HCL Technologies Limited,Large
HDFCAMC,HDFC Asset Management Company Limited,Large
HDFCBANK,HDFC Bank Limited,Large
HDFCLIFE,HDFC Life Insurance Company Limited,Large
HINDALCO,Hindalco Industries Limited,Large
HINDUNILVR,Hindustan Unilever Limited,Large
HINDZINC,Hindustan Zinc Limited,Large
HYUNDAI,Hyundai Motor India Limited,Large
ICICIBANK,ICICI Bank Limited,Large
INDHOTEL,The Indian Hotels Company Limited,Large
INDIGO,InterGlobe Aviation Limited,Large
INFY,Infosys Limited,Large
IOC,Indian Oil Corporation Limited,Large
IRFC,Indian Railway Finance Corporation Limited,Large
ITC,ITC Limited,Large
JINDALSTEL,JINDAL STEEL LIMITED,Large
JIOFIN,Jio Financial Services Limited,Large
JSWSTEEL,JSW Steel Limited,Large
KOTAKBANK,Kotak Mahindra Bank Limited,Large
LODHA,Lodha Developers Limited,Large
LT,Larsen & Toubro Limited,Large
LTM,LTM Limited,Large
M&M,Mahindra & Mahindra Limited,Large
MARUTI,Maruti Suzuki India Limited,Large
MAXHEALTH,Max Healthcare Institute Limited,Large
MAZDOCK,Mazagon Dock Shipbuilders Limited,Large
MOTHERSON,Samvardhana Motherson International Limited,Large
MUTHOOTFIN,Muthoot Finance Limited,Large
NESTLEIND,Nestle India Limited,Large
NTPC,NTPC Limited,Large
ONGC,Oil & Natural Gas Corporation Limited,Large
PFC,Power Finance Corporation Limited,Large
PIDILITIND,Pidilite Industries Limited,Large
PNB,Punjab National Bank,Large
POWERGRID,Power Grid Corporation of India Limited,Large
RECLTD,REC Limited,Large
RELIANCE,Reliance Industries Limited,Large
SBILIFE,SBI Life Insurance Company Limited,Large
SBIN,State Bank of India,Large
SHREECEM,SHREE CEMENT LIMITED,Large
SHRIRAMFIN,Shriram Finance Limited,Large
SIEMENS,Siemens Limited,Large
SOLARINDS,Solar Industries India Limited,Large
SUNPHARMA,Sun Pharmaceutical Industries Limited,Large
TATACAP,Tata Capital Limited,Large
TATACONSUM,TATA CONSUMER PRODUCTS LIMITED,Large
TATAPOWER,Tata Power Company Limited,Large
TATASTEEL,Tata Steel Limited,Large
TCS,Tata Consultancy Services Limited,Large
TECHM,Tech Mahindra Limited,Large
TITAN,Titan Company Limited,Large
TMCV,Tata Motors Limited,Large
TMPV,Tata Motors Passenger Vehicles Limited,Large
TORNTPHARM,Torrent Pharmaceuticals Limited,Large
TRENT,Trent Limited,Large
TVSMOTOR,TVS Motor Company Limited,Large
ULTRACEMCO,UltraTech Cement Limited,Large
UNIONBANK,Union Bank of India,Large
UNITDSPR,United Spirits Limited,Large
VBL,Varun Beverages Limited,Large
VEDL,Vedanta Limited,Large
WIPRO,Wipro Limited,Large
ZYDUSLIFE,Zydus Lifesciences Limited,Large
360ONE,360 ONE WAM LIMITED,Mid
3MINDIA,3M India Limited,Mid
ABBOTINDIA,Abbott India Limited,Mid
ABCAPITAL,Aditya Birla Capital Limited,Mid
ACC,ACC Limited,Mid
AIAENG,AIA Engineering Limited,Mid
AIIL,Authum Investment & Infrastructure Limited,Mid
AJANTPHARM,Ajanta Pharma Limited,Mid
ALKEM,Alkem Laboratories Limited,Mid
ANTHEM,Anthem Biosciences Limited,Mid
APARINDS,Apar Industries Limited,Mid
APLAPOLLO,APL Apollo Tubes Limited,Mid
APOLLOTYRE,Apollo Tyres Limited,Mid
ASHOKLEY,Ashok Leyland Limited,Mid
ASTRAL,Astral Limited,Mid
ATGL,Adani Total Gas Limited,Mid
AUBANK,AU Small Finance Bank Limited,Mid
AUROPHARMA,Aurobindo Pharma Limited,Mid
AWL,AWL Agri Business Limited,Mid
BAJAJHFL,Bajaj Housing Finance Limited,Mid
BALKRISIND,Balkrishna Industries Limited,Mid
BANKINDIA,Bank of India,Mid
BDL,Bharat Dynamics Limited,Mid
BERGEPAINT,Berger Paints (I) Limited,Mid
BHARATFORG,Bharat Forge Limited,Mid
BHARTIHEXA,Bharti Hexacom Limited,Mid
BHEL,Bharat Heavy Electricals Limited,Mid
BIOCON,Biocon Limited,Mid
BLUESTARCO,Blue Star Limited,Mid
BSE,BSE Limited,Mid
COCHINSHIP,Cochin Shipyard Limited,Mid
COFORGE,Coforge Limited,Mid
COLPAL,Colgate Palmolive (India) Limited,Mid
CONCOR,Container Corporation of India Limited,Mid
COROMANDEL,Coromandel International Limited,Mid
CRISIL,Crisil Limited,Mid
DABUR,Dabur India Limited,Mid
DALBHARAT,Dalmia Bharat Limited,Mid
DIXON,Dixon Technologies (India) Limited,Mid
ENDURANCE,Endurance Technologies Limited,Mid
ESCORTS,Escorts Kubota Limited,Mid
EXIDEIND,Exide Industries Limited,Mid
FEDERALBNK,The Federal Bank  Limited,Mid
FLUOROCHEM,Gujarat Fluorochemicals Limited,Mid
FORTIS,Fortis Healthcare Limited,Mid
GICRE,General Insurance Corporation of India,Mid
GLAXO,GlaxoSmithKline Pharmaceuticals Limited,Mid
GLENMARK,Glenmark Pharmaceuticals Limited,Mid
GMRAIRPORT,GMR AIRPORTS LIMITED,Mid
GODFRYPHLP,Godfrey Phillips India Limited,Mid
GODREJIND,Godrej Industries Limited,Mid
GODREJPROP,Godrej Properties Limited,Mid
GROWW,Billionbrains Garage Ventures Limited,Mid
GVT&D,GE Vernova T&D India Limited,Mid
HAVELLS,Havells India Limited,Mid
HDBFS,HDB Financial Services Limited,Mid
HEROMOTOCO,Hero MotoCorp Limited,Mid
HEXT,Hexaware Technologies Limited,Mid
HINDPETRO,Hindustan Petroleum Corporation Limited,Mid
HONAUT,Honeywell Automation India Limited,Mid
HUDCO,Housing & Urban Development Corporation Limited,Mid
ICICIAMC,ICICI Prudential Asset Management Company Limited,Mid
ICICIGI,ICICI Lombard General Insurance Company Limited,Mid
ICICIPRULI,ICICI Prudential Life Insurance Company Limited,Mid
IDEA,Vodafone Idea Limited,Mid
IDFCFIRSTB,IDFC First Bank Limited,Mid
INDIANB,Indian Bank,Mid
INDUSINDBK,IndusInd Bank Limited,Mid
INDUSTOWER,Indus Towers Limited,Mid
IPCALAB,IPCA Laboratories Limited,Mid
IRCTC,Indian Railway Catering And Tourism Corporation Limited,Mid
IREDA,Indian Renewable Energy Development Agency Limited,Mid
ITCHOTELS,ITC Hotels Limited,Mid
JKCEMENT,JK Cement Limited,Mid
JSL,Jindal Stainless Limited,Mid
JSWENERGY,JSW Energy Limited,Mid
JSWINFRA,JSW Infrastructure Limited,Mid
JUBLFOOD,Jubilant Foodworks Limited,Mid
KALYANKJIL,Kalyan Jewellers India Limited,Mid
KEI,KEI Industries Limited,Mid
KPITTECH,KPIT Technologies Limited,Mid
KPRMILL,K.P.R. Mill Limited,Mid
LAURUSLABS,Laurus Labs Limited,Mid
LENSKART,Lenskart Solutions Limited,Mid
LGEINDIA,LG Electronics India Limited,Mid
LICHSGFIN,LIC Housing Finance Limited,Mid
LICI,Life Insurance Corporation Of India,Mid
LINDEINDIA,Linde India Limited,Mid
LLOYDSME,Lloyds Metals And Energy Limited,Mid
LTF,L&T Finance Limited,Mid
LTTS,L&T Technology Services Limited,Mid
LUPIN,Lupin Limited,Mid
M&MFIN,Mahindra & Mahindra Financial Services Limited,Mid
MAHABANK,Bank of Maharashtra,Mid
MANKIND,Mankind Pharma Limited,Mid
MARICO,Marico Limited,Mid
MCX,Multi Commodity Exchange of India Limited,Mid
MEDANTA,Global Health Limited,Mid
MFSL,Max Financial Services Limited,Mid
MOTILALOFS,Motilal Oswal Financial Services Limited,Mid
MPHASIS,MphasiS Limited,Mid
MRF,MRF Limited,Mid
NAM-INDIA,Nippon Life India Asset Management Limited,Mid
NATIONALUM,National Aluminium Company Limited,Mid
NAUKRI,Info Edge (India) Limited,Mid
NHPC,NHPC Limited,Mid
NIACL,The New India Assurance Company Limited,Mid
NLCINDIA,NLC India Limited,Mid
NMDC,NMDC Limited,Mid
NTPCGREEN,NTPC Green Energy Limited,Mid
NYKAA,FSN E-Commerce Ventures Limited,Mid
OBEROIRLTY,Oberoi Realty Limited,Mid
OFSS,Oracle Financial Services Software Limited,Mid
OIL,Oil India Limited,Mid
PAGEIND,Page Industries Limited,Mid
PATANJALI,Patanjali Foods Limited,Mid
PAYTM,One 97 Communications Limited,Mid
PERSISTENT,Persistent Systems Limited,Mid
PETRONET,Petronet LNG Limited,Mid
PHOENIXLTD,The Phoenix Mills Limited,Mid
PIIND,PI Industries Limited,Mid
POLICYBZR,PB Fintech Limited,Mid
POLYCAB,Polycab India Limited,Mid
POWERINDIA,Hitachi Energy India Limited,Mid
PREMIERENE,Premier Energies Limited,Mid
PRESTIGE,Prestige Estates Projects Limited,Mid
RADICO,Radico Khaitan Limited,Mid
RVNL,Rail Vikas Nigam Limited,Mid
SAIL,Steel Authority of India Limited,Mid
SBICARD,SBI Cards and Payment Services Limited,Mid
SCHAEFFLER,Schaeffler India Limited,Mid
SJVN,SJVN Limited,Mid
SRF,SRF Limited,Mid
SUNDARMFIN,Sundaram Finance Limited,Mid
SUPREMEIND,Supreme Industries Limited,Mid
SUZLON,Suzlon Energy Limited,Mid
SWIGGY,Swiggy Limited,Mid
TATACOMM,Tata Communications Limited,Mid
TATAELXSI,Tata Elxsi Limited,Mid
TATAINVEST,Tata Investment Corporation Limited,Mid
THERMAX,Thermax Limited,Mid
TIINDIA,Tube Investments of India Limited,Mid
TORNTPOWER,Torrent Power Limited,Mid
UBL,United Breweries Limited,Mid
UNOMINDA,UNO Minda Limited,Mid
UPL,UPL Limited,Mid
VMM,Vishal Mega Mart Limited,Mid
VOLTAS,Voltas Limited,Mid
WAAREEENER,Waaree Energies Limited,Mid
YESBANK,Yes Bank Limited,Mid
20MICRONS,20 Microns Limited,Other
21STCENMGM,21st Century Management Services Limited,Other
3BBLACKBIO,3B Blackbio Dx Limited,Other
3IINFOLTD,3i Infotech Limited,Other
3PLAND,3P Land Holdings Limited,Other
5PAISA,5Paisa Capital Limited,Other
63MOONS,63 moons technologies limited,Other
A2ZINFRA,A2Z Infra Engineering Limited,Other
AAATECH,AAA Technologies Limited,Other
AAKASH,Aakash Exploration Services Limited,Other
AARNAV,Aarnav Fashions Limited,Other
AARON,Aaron Industries Limited,Other
AARTIDRUGS,Aarti Drugs Limited,Other
AARTIPHARM,Aarti Pharmalabs Limited,Other
AARTISURF,Aarti Surfactants Limited,Other
AARVI,Aarvi Encon Limited,Other
AASTHA,Aastha Spintex Limited,Other
ABCOTS,A B Cotspin India Limited,Other
ABINFRA,A B Infrabuild Limited,Other
ABMINTLLTD,ABM International Limited,Other
ABMKNO,ABM Knowledgeware Limited,Other
ACCELYA,Accelya Solutions India Limited,Other
ACEINTEG,Ace Integrated Solutions Limited,Other
ACI,Archean Chemical Industries Limited,Other
ACL,Andhra Cements Limited,Other
ACSTECH,ACS Technologies Limited,Other
ADFFOODS,ADF Foods Limited,Other
ADL,Archidply Decor Limited,Other
ADOR,Ador Welding Limited,Other
ADROITINFO,Adroit Infotech Limited,Other
ADSL,Allied Digital Services Limited,Other
ADVAIT,Advait Energy Transitions Limited,Other
ADVANCE,Advance Agrolife Limited,Other
ADVANIHOTR,Advani Hotels & Resorts (India) Limited,Other
ADVENTHTL,Advent Hotels International Limited,Other
ADVENZYMES,Advanced Enzyme Technologies Limited,Other
AEPL,Artemis Electricals and Projects Limited,Other
AEQUS,Aequs Limited,Other
AEROENTER,Aeroflex Enterprises Limited,Other
AEROFLEX,Aeroflex Industries Limited,Other
AERONEU,Aeroflex Neu Limited,Other
AEROPLANE,Amir Chand Jagdish Kumar (Exports) Limited,Other
AETHER,Aether Industries Limited,Other
AFIL,Akme Fintrade (India) Limited,Other
AFSL,Abans Financial Services Limited,Other
AGARIND,Agarwal Industrial Corporation Limited,Other
AGARWALEYE,Dr. Agarwal's Health Care Limited,Other
AGI,AGI Greenpac Limited,Other
AGIIL,Agi Infra Limited,Other
AGL,Allcargo Global Limited,Other
AGROPHOS,Agro Phos India Limited,Other
AHCL,Anlon Healthcare Limited,Other
AHLADA,Ahlada Engineers Limited,Other
AHLEAST,Asian Hotels (East) Limited,Other
AHLUCONT,Ahluwalia Contracts (India) Limited,Other
AIRAN,Airan Limited,Other
AIROLAM,Airo Lam limited,Other
AJAXENGG,Ajax Engineering Limited,Other
AJMERA,Ajmera Realty & Infra India Limited,Other
AJOONI,Ajooni Biotech Limited,Other
AKASH,Akash Infra-Projects Limited,Other
AKCAPIT,AK Capital Services Limited,Other
AKG,Akg Exim Limited,Other
AKI,AKI India Limited,Other
AKSHAR,Akshar Spintex Limited,Other
AKUMS,Akums Drugs and Pharmaceuticals Limited,Other
ALANKIT,Alankit Limited,Other
ALBERTDAVD,Albert David Limited,Other
ALEMBICLTD,Alembic Limited,Other
ALGOQUANT,Algoquant Fintech Limited,Other
ALICON,Alicon Castalloy Limited,Other
ALIVUS,Alivus Life Sciences Limited,Other
ALKYLAMINE,Alkyl Amines Chemicals Limited,Other
ALLCARGO,Allcargo Logistics Limited,Other
ALLDIGI,Alldigi Tech Limited,Other
ALLTIME,All Time Plastics Limited,Other
ALMONDZ,Almondz Global Securities Limited,Other
ALOKINDS,Alok Industries Limited,Other
ALPA,Alpa Laboratories Limited,Other
ALPHAGEO,Alphageo (India) Limited,Other
ALPINETEX,Alpine Texworld Limited,Other
AMAGI,Amagi Media Labs Limited,Other
AMBALALSA,Ambalal Sarabhai Enterprises Limited,Other
AMBICAAGAR,Ambica Agarbathies & Aroma industries Limited,Other
AMBIKCO,Ambika Cotton Mills Limited,Other
AMDIND,AMD Industries Limited,Other
AMJLAND,Amj Land Holdings Limited,Other
AMNPLST,Amines & Plasticizers Limited,Other
AMRUTANJAN,Amrutanjan Health Care Limited,Other
ANDHRAPAP,ANDHRA PAPER LIMITED,Other
ANDHRSUGAR,The Andhra Sugars Limited,Other
ANIKINDS,Anik Industries Limited,Other
ANMOL,Anmol India Limited,Other
ANTELOPUS,Antelopus Selan Energy Limited,Other
ANTGRAPHIC,Antarctica Limited,Other
ANUHPHR,Anuh Pharma Limited,Other
ANUP,The Anup Engineering Limited,Other
APCL,Anjani Portland Cement Limited,Other
APCOTEXIND,Apcotex Industries Limited,Other
APEX,Apex Frozen Foods Limited,Other
APLLTD,Alembic Pharmaceuticals Limited,Other
APOLLO,Apollo Micro Systems Limited,Other
APOLLOPIPE,Apollo Pipes Limited,Other
APOLSINHOT,Apollo Sindoori Hotels Limited,Other
AQYLON,Aqylon Nexus Limited,Other
ARCHIDPLY,Archidply Industries Limited,Other
ARCHIES,Archies Limited,Other
ARENTERP,Rajdarshan Industries Limited,Other
ARFIN,Arfin India Limited,Other
ARIES,Aries Agro Limited,Other
ARIHANT,Arihant Foundations & Housing Limited,Other
ARIHANTCAP,Arihant Capital Markets Limited,Other
ARIHANTSUP,Arihant Superstructures Limited,Other
ARIS,Arisinfra Solutions Limited,Other
ARKADE,Arkade Developers Limited,Other
ARMANFIN,Arman Financial Services Limited,Other
AROGRANITE,Aro Granite Industries Limited,Other
ARSSBL,Anand Rathi Share and Stock Brokers Limited,Other
ARTEMISMED,Artemis Medicare Services Limited,Other
ARTNIRMAN,Art Nirman Limited,Other
ARVEE,Arvee Laboratories (India) Limited,Other
ARVIND,Arvind Limited,Other
ARVINDFASN,Arvind Fashions Limited,Other
ARVSMART,Arvind SmartSpaces Limited,Other
ASAL,Automotive Stampings and Assemblies Limited,Other
ASALCBR,Associated Alcohols & Breweries Ltd.,Other
ASHAPURMIN,Ashapura Minechem Limited,Other
ASHIANA,Ashiana Housing Limited,Other
ASHIKAG,Ashika Global Securities Limited,Other
ASHIMASYN,Ashima Limited,Other
ASHOKA,Ashoka Buildcon Limited,Other
ASHOKAMET,Ashoka Metcast Limited,Other
ASIANENE,Asian Energy Services Limited,Other
ASIANHOTNR,Asian Hotels (North) Limited,Other
ASIANTILES,Asian Granito India Limited,Other
ASKAUTOLTD,ASK Automotive Limited,Other
ASPINWALL,Aspinwall and Company Limited,Other
ASTAR,Asian Star Company Limited,Other
ASTEC,Astec LifeSciences Limited,Other
ASTRAMICRO,Astra Microwave Products Limited,Other
ASTRAZEN,AstraZeneca Pharma India Limited,Other
ATALREAL,Atal Realtech Limited,Other
ATAM,Atam Valves Limited,Other
ATL,Allcargo Terminals Limited,Other
ATLANTAA,ATLANTAA LIMITED,Other
ATLANTAELE,Atlanta Electricals Limited,Other
ATLASCYCLE,Atlas Cycles (Haryana) Limited,Other
ATULAUTO,Atul Auto Limited,Other
AURIONPRO,Aurionpro Solutions Limited,Other
AURUM,Aurum PropTech Limited,Other
AURUS,AURUS GEM CORPORATION LIMITED,Other
AUTOAXLES,Automotive Axles Limited,Other
AVADHSUGAR,Avadh Sugar & Energy Limited,Other
AVALON,Avalon Technologies Limited,Other
AVANTEL,Avantel Limited,Other
AVANTIFEED,Avanti Feeds Limited,Other
AVL,Aditya Vision Limited,Other
AVONMORE,Avonmore Capital & Management Services Limited,Other
AVROIND,AVRO INDIA LIMITED,Other
AVTNPL,AVT Natural Products Limited,Other
AWFIS,Awfis Space Solutions Limited,Other
AWHCL,Antony Waste Handling Cell Limited,Other
AXISCADES,AXISCADES Technologies Limited,Other
AXITA,Axita Cotton Limited,Other
AYE,Aye Finance Limited,Other
AYMSYNTEX,AYM Syntex Limited,Other
AZAD,Azad Engineering Limited,Other
BAGFILMS,B.A.G Films and Media Limited,Other
BAIDFIN,Baid Finserv Limited,Other
BAJAJCON,Bajaj Consumer Care Limited,Other
BAJAJELEC,Bajaj Electricals Limited,Other
BAJAJHCARE,Bajaj Healthcare Limited,Other
BAJAJHIND,Bajaj Hindusthan Sugar Limited,Other
BAJAJINDEF,Indef Manufacturing Limited,Other
BAJAJST,Bajaj Steel Industries Limited,Other
BAJEL,Bajel Projects Limited,Other
BALAJEE,Shree Tirupati Balajee Agro Trading Company Limited,Other
BALAJITELE,Balaji Telefilms Limited,Other
BALAMINES,Balaji Amines Limited,Other
BALAXI,BALAXI PHARMACEUTICALS LIMITED,Other
BALKRISHNA,Balkrishna Paper Mills Limited,Other
BALMLAWRIE,Balmer Lawrie & Company Limited,Other
BALPHARMA,Bal Pharma Limited,Other
BALUFORGE,Balu Forge Industries Limited,Other
BANARBEADS,Banaras Beads Limited,Other
BANARISUG,Bannari Amman Sugars Limited,Other
BANCOINDIA,Banco Products (I) Limited,Other
BANG,Bang Overseas Limited,Other
BANSALWIRE,Bansal Wire Industries Limited,Other
BANSWRAS,Banswara Syntex Limited,Other
BASF,BASF India Limited,Other
BATLIBOI,Batliboi Limited,Other
BBL,Bharat Bijlee Limited,Other
BBOX,Black Box Limited,Other
BBTCL,B&B Triplewall Containers Limited,Other
BCG,Brightcom Group Limited,Other
BCLIND,Bcl Industries Limited,Other
BCONCEPTS,Brand Concepts Limited,Other
BCPL,BCPL Railway Infrastructure Limited,Other
BEARDSELL,Beardsell Limited,Other
BECTORFOOD,Mrs. Bectors Food Specialities Limited,Other
BEDMUTHA,Bedmutha Industries Limited,Other
BEEKAY,Beekay Steel Industries Limited,Other
BELLACASA,Bella Casa Fashion & Retail Limited,Other
BENGALASM,Bengal & Assam Company Limited,Other
BEPL,Bhansali Engineering Polymers Limited,Other
BESTAGRO,Best Agrolife Limited,Other
BETA,Beta Drugs Limited,Other
BFINVEST,BF Investment Limited,Other
BFUTILITIE,BF Utilities Limited,Other
BHAGCHEM,Bhagiradha Chemicals & Industries Limited,Other
BHARATCOAL,Bharat Coking Coal Limited,Other
BHARATRAS,Bharat Rasayan Limited,Other
BHARATSE,Bharat Seats Limited,Other
BHARATWIRE,Bharat Wire Ropes Limited,Other
BI,Bilcare Limited,Other
BIGBLOC,Bigbloc Construction Limited,Other
BIL,Bhartiya International Limited,Other
BIMETAL,Bimetal Bearings Limited,Other
BIOFILCHEM,Biofil Chemicals & Pharmaceuticals Limited,Other
BIRLACORPN,Birla Corporation Limited,Other
BIRLAMONEY,Aditya Birla Money Limited,Other
BIRLANU,BirlaNu Limited,Other
BIRLAPREC,Birla Precision Technologies Limited,Other
BLACKBUCK,BLACKBUCK LIMITED,Other
BLAL,BEML Land Assets Limited,Other
BLBLIMITED,BLB Limited,Other
BLIL,Balmer Lawrie Investments Limited,Other
BLKASHYAP,B. L. Kashyap and Sons Limited,Other
BLSE,BLS E-Services Limited,Other
BLUESTONE,BlueStone Jewellery and Lifestyle Limited,Other
BLUSPRING,Bluspring Enterprises Limited,Other
BMWVENTLTD,BMW Ventures Limited,Other
BOHRAIND,Bohra Industries Limited,Other
BOMDYEING,Bombay Dyeing & Mfg Company Limited,Other
BONLON,Bonlon Industries Limited,Other
BORANA,Borana Weaves Limited,Other
BOROLTD,Borosil Limited,Other
BORORENEW,BOROSIL RENEWABLES LIMITED,Other
BOROSCI,Borosil Scientific Limited,Other
BOSCH-HCIL,BOSCH HOME COMFORT INDIA LIMITED,Other
BPL,BPL Limited,Other
BRIGHOTEL,Brigade Hotel Ventures Limited,Other
BRNL,Bharat Road Network Limited,Other
BSL,BSL Limited,Other
BTML,Bodhi Tree Multimedia Limited,Other
BUILDPRO,Shankara Buildpro Limited,Other
BUTTERFLY,Butterfly Gandhimathi Appliances Limited,Other
BVCL,Barak Valley Cements Limited,Other
CAMLINFINE,Camlin Fine Sciences Limited,Other
CAMPUS,Campus Activewear Limited,Other
CANTABIL,Cantabil Retail India Limited,Other
CAPACITE,Capacit'e Infraprojects Limited,Other
CAPILLARY,Capillary Technologies India Limited,Other
CAPITALSFB,Capital Small Finance Bank Limited,Other
CARERATING,CARE Ratings Limited,Other
CARRARO,Carraro India Limited,Other
CARYSIL,CARYSIL LIMITED,Other
CCAVENUE,AvenuesAI Limited,Other
CCCL,Consolidated Construction Consortium Limited,Other
CCHHL,Country Club Hospitality & Holidays Limited,Other
CEIGALL,Ceigall India Limited,Other
CEINSYS,Ceinsys Tech Limited,Other
CELEBRITY,Celebrity Fashions Limited,Other
CELLO,Cello World Limited,Other
CENTENKA,Century Enka Limited,Other
CENTEXT,Century Extrusions Limited,Other
CENTRUM,Centrum Capital Limited,Other
CENTUM,Centum Electronics Limited,Other
CENTURYPLY,Century Plyboards (India) Limited,Other
CERA,Cera Sanitaryware Limited,Other
CEWATER,Concord Enviro Systems Limited,Other
CHEMPLASTS,Chemplast Sanmar Limited,Other
CHEVIOT,Cheviot Company Limited,Other
CIFL,Capital India Finance Limited,Other
CINELINE,Cineline India Limited,Other
CINEVISTA,Cinevista Limited,Other
CLEANMAX,Clean Max Enviro Energy Solutions Limited,Other
CLSEL,Chaman Lal Setia Exports Limited,Other
CMLL,Caliber Mining and Logistics Limited,Other
CMPDI,Central Mine Planning & Design Institute Limited,Other
CMRGREEN,CMR Green Technologies Limited,Other
CMSINFO,CMS Info Systems Limited,Other
CNL,Creative Newtech Limited,Other
COASTCORP,Coastal Corporation Limited,Other
COCKERILL,John Cockerill India Limited,Other
COMFINTE,Comfort Intech Limited,Other
COMPUSOFT,Compucom Software Limited,Other
COMSYN,Commercial Syn Bags Limited,Other
CONFIPET,Confidence Petroleum India Limited,Other
CONTROLPR,Control Print Limited,Other
CORALFINAC,Coral India Finance & Housing Limited,Other
CORDELIA,Waterways Leisure Tourism Limited,Other
CORONA,CORONA Remedies Limited,Other
COSMOFIRST,COSMO FIRST LIMITED,Other
COUNCODOS,Country Condo's Limited,Other
CPEDU,Career Point Edutech Limited,Other
CPL,Captain Polyplast Limited,Other
CRAMC,Canara Robeco Asset Management Company Limited,Other
CREATIVEYE,Creative Eye Limited,Other
CREST,Crest Ventures Limited,Other
CRIZAC,Crizac Limited,Other
CROWN,Crown Lifters Limited,Other
CSBBANK,CSB Bank Limited,Other
CSLFINANCE,CSL Finance Limited,Other
CSM,CSM Technologies Limited,Other
CTE,Cambridge Technology Enterprises Limited,Other
CUBEXTUB,Cubex Tubings Limited,Other
CUPID,Cupid Limited,Other
CURAA,Cura Technologies Limited,Other
CYIENTDLM,Cyient DLM Limited,Other
DALMIASUG,Dalmia Bharat Sugar and Industries Limited,Other
DAMCAPITAL,Dam Capital Advisors Limited,Other
DANGEE,Dangee Dums Limited,Other
DATAMATICS,Datamatics Global Services Limited,Other
DAVANGERE,Davangere Sugar Company Limited,Other
DBCORP,D.B.Corp Limited,Other
DBL,Dilip Buildcon Limited,Other
DBOL,Dhampur Bio Organics Limited,Other
DCAL,Dishman Carbogen Amcis Limited,Other
DCBBANK,DCB Bank Limited,Other
DCI,Dc Infotech And Communication Limited,Other
DCMFINSERV,DCM Financial Services Limited,Other
DCMSRIND,DCM Shriram Industries Limited,Other
DCW,DCW Limited,Other
DCXINDIA,DCX Systems Limited,Other
DDEVPLSTIK,Ddev Plastiks Industries Limited,Other
DECCANCE,Deccan Cements Limited,Other
DECNGOLD,Deccan Gold Mines Limited,Other
DEEPINDS,Deep Industries Limited,Other
DELTACORP,Delta Corp Limited,Other
DELTAMAGNT,Delta Manufacturing Limited,Other
DEN,Den Networks Limited,Other
DENORA,De Nora India Limited,Other
DENTA,Denta Water and Infra Solutions Limited,Other
DEVIT,Dev Information Technology Limited,Other
DEVX,Dev Accelerator Limited,Other
DGCONTENT,Digicontent Limited,Other
DHAMPURSUG,Dhampur Sugar Mills Limited,Other
DHANBANK,Dhanlaxmi Bank Limited,Other
DHANUKA,Dhanuka Agritech Limited,Other
DHARMAJ,Dharmaj Crop Guard Limited,Other
DHUNINV,Dhunseri Investments Limited,Other
DIAMINESQ,Diamines & Chemicals Limited,Other
DIAMONDYD,Prataap Snacks Limited,Other
DICIND,DIC India Limited,Other
DIFFNKG,Diffusion Engineers Limited,Other
DIGIDRIVE,Digidrive Distributors Limited,Other
DIGITIDE,Digitide Solutions Limited,Other
DIGJAMLMTD,Digjam Limited,Other
DISAQ,Disa India Limited,Other
DIVGIITTS,Divgi Torqtransfer Systems Limited,Other
DJML,DJ Mediaprint & Logistics Limited,Other
DLINKINDIA,D-Link (India) Limited,Other
DMCC,DMCC SPECIALITY CHEMICALS LIMITED,Other
DNAMEDIA,Diligent Media Corporation Limited,Other
DODLA,Dodla Dairy Limited,Other
DOLATALGO,Dolat Algotech Limited,Other
DOLLAR,Dollar Industries Limited,Other
DOLPHIN,Dolphin Offshore Enterprises (India) Limited,Other
DONEAR,Donear Industries Limited,Other
DPABHUSHAN,D. P. Abhushan Limited,Other
DRAGARWQ,Dr Agarwals Eye Hospital Limited,Other
DRCSYSTEMS,DRC Systems India Limited,Other
DREAMFOLKS,Dreamfolks Services Limited,Other
DREDGECORP,Dredging Corporation of India Limited,Other
DSSL,Dynacons Systems & Solutions Limited,Other
DTIL,Dhunseri Tea & Industries Limited,Other
DUCON,Ducon Infratechnologies Limited,Other
DVL,Dhunseri Ventures Limited,Other
DWARKESH,Dwarikesh Sugar Industries Limited,Other
DYCL,Dynamic Cables Limited,Other
DYNAMATECH,Dynamatic Technologies Limited,Other
DYNPRO,Dynemic Products Limited,Other
E2E,E2E Networks Limited,Other
EASEMYTRIP,Easy Trip Planners Limited,Other
EBGNG,GNG Electronics Limited,Other
EDELWEISS,Edelweiss Financial Services Limited,Other
EFCIL,EFC (I) Limited,Other
EIEL,Enviro Infra Engineers Limited,Other
EIHAHOTELS,EIH Associated Hotels Limited,Other
EIMCOELECO,Eimco Elecon (India) Limited,Other
EKC,Everest Kanto Cylinder Limited,Other
ELANTAS,Elantas Beck India Limited,Other
ELCIDIN,EL CID Investments Limited,Other
ELDEHSG,Eldeco Housing And Industries Limited,Other
ELECTCAST,Electrosteel Castings Limited,Other
ELECTHERM,Electrotherm (India) Limited,Other
ELGIRUBCO,Elgi Rubber Company Limited,Other
ELIN,Elin Electronics Limited,Other
ELITECON,Elitecon International Limited,Other
ELLEN,Ellenbarrie Industrial Gases Limited,Other
ELPROINTL,Elpro International Limited,Other
EMBDL,Embassy Developments Limited,Other
EMIL,Electronics Mart India Limited,Other
EMKAY,Emkay Global Financial Services Limited,Other
EMSLIMITED,EMS Limited,Other
EMUDHRA,eMudhra Limited,Other
ENERGYDEV,Energy Development Company Limited,Other
ENIL,Entertainment Network (India) Limited,Other
ENTERO,Entero Healthcare Solutions Limited,Other
EPACK,EPACK Durable Limited,Other
EPACKPEB,EPack Prefab Technologies Limited,Other
EPIGRAL,Epigral Limited,Other
EPL,EPL Limited,Other
EQUITASBNK,Equitas Small Finance Bank Limited,Other
ESABINDIA,Esab India Limited,Other
ESAFSFB,ESAF Small Finance Bank Limited,Other
ESSARSHPNG,Essar Shipping Limited,Other
ESTER,Ester Industries Limited,Other
ETHOSLTD,Ethos Limited,Other
EUREKAFORB,Eureka Forbes Limited,Other
EUROBOND,Euro Panel Products Limited,Other
EUROPRATIK,Euro Pratik Sales Limited,Other
EVEREADY,Eveready Industries India Limited,Other
EXCELINDUS,Excel Industries Limited,Other
EXCELSOFT,Excelsoft Technologies Limited,Other
EXICOM,Exicom Tele-Systems Limited,Other
EXPLEOSOL,Expleo Solutions Limited,Other
EXXARO,Exxaro Tiles Limited,Other
FABTECH,Fabtech Technologies Limited,Other
FAZE3Q,Faze Three Limited,Other
FCL,Fineotex Chemical Limited,Other
FCSSOFT,FCS Software Solutions Limited,Other
FDC,FDC Limited,Other
FEDDERSHOL,Fedders Holding Limited,Other
FEDFINA,Fedbank Financial Services Limited,Other
FERMENTA,Fermenta Biotech Limited,Other
FIBERWEB,Fiberweb (India) Limited,Other
FIEMIND,Fiem Industries Limited,Other
FILATEX,Filatex India Limited,Other
FINEORG,Fine Organic Industries Limited,Other
FINKURVE,Finkurve Financial Services Limited,Other
FINOPB,Fino Payments Bank Limited,Other
FINPIPE,Finolex Industries Limited,Other
FISCHER,Fischer Medical Ventures Limited,Other
FLAIR,Flair Writing Industries Limited,Other
FMGOETZE,Federal-Mogul Goetze (India) Limited.,Other
FOODSIN,Foods & Inns Limited,Other
FOSECOIND,Foseco India Limited,Other
FRACTAL,Fractal Analytics Limited,Other
FRONTSP,Frontier Springs Limited,Other
FUSION,Fusion Finance Limited,Other
GAEL,Gujarat Ambuja Exports Limited,Other
GALAPREC,Gala Precision Engineering Limited,Other
GALAXYSURF,Galaxy Surfactants Limited,Other
GANDHAR,Gandhar Oil Refinery (India) Limited,Other
GANDHITUBE,Gandhi Special Tubes Limited,Other
GANECOS,Ganesha Ecosphere Limited,Other
GANESHCP,Ganesh Consumer Products Limited,Other
GANESHHOU,GANESH HOUSING LIMITED,Other
GANGESSECU,Ganges Securities Limited,Other
GARFIBRES,Garware Technical Fibres Limited,Other
GARUDA,Garuda Construction and Engineering Limited,Other
GATEWAY,Gateway Distriparks Limited,Other
GAYAHWS,Gayatri Highways Limited,Other
GCSL,Gretex Corporate Services Limited,Other
GEEKAYWIRE,Geekay Wires Limited,Other
GEMAROMA,Gem Aromatics Limited,Other
GENCON,Generic Engineering Construction and Projects Limited,Other
GENESYS,Genesys International Corporation Limited,Other
GENUSPAPER,Genus Paper & Boards Limited,Other
GENUSPOWER,Genus Power Infrastructures Limited,Other
GEOJITFSL,Geojit Financial Services Limited,Other
GFLLIMITED,GFL Limited,Other
GHCL,GHCL Limited,Other
GHCLTEXTIL,GHCL Textiles Limited,Other
GICHSGFIN,GIC Housing Finance Limited,Other
GICL,Globe International Carriers Limited,Other
GILLANDERS,Gillanders Arbuthnot & Company Limited,Other
GIPCL,Gujarat Industries Power Company Limited,Other
GKENERGY,GK Energy Limited,Other
GKSL,Gujarat Kidney And Super Speciality Limited,Other
GKWLIMITED,GKW Limited,Other
GLOBAL,Global Education Limited,Other
GLOBALVECT,Global Vectra Helicorp Limited,Other
GLOBE,GLOBE ENTERPRISES (INDIA) LIMITED,Other
GLOBECIVIL,Globe Civil Projects Limited,Other
GLOBUSSPR,Globus Spirits Limited,Other
GLOSTERLTD,Gloster Limited,Other
GMBREW,GM Breweries Limited,Other
GMMPFAUDLR,GMM Pfaudler Limited,Other
GMRP&UI,GMR Power and Urban Infra Limited,Other
GNA,GNA Axles Limited,Other
GNFC,Gujarat Narmada Valley Fertilizers and Chemicals Limited,Other
GNRL,Gujarat Natural Resources Limited,Other
GOACARBON,Goa Carbon Limited,Other
GOCLCORP,GOCL Corporation Limited,Other
GOCOLORS,Go Fashion (India) Limited,Other
GODAVARIB,Godavari Biorefineries Limited,Other
GODREJAGRO,Godrej Agrovet Limited,Other
GOKEX,Gokaldas Exports Limited,Other
GOKUL,Gokul Refoils and Solvent Limited,Other
GOKULAGRO,Gokul Agro Resources Limited,Other
GOLDIAM,Goldiam International Limited,Other
GOODLUCK,Goodluck India Limited,Other
GOODYEAR,Goodyear India Limited,Other
GOPAL,Gopal Snacks Limited,Other
GOYALALUM,Goyal Aluminiums Limited,Other
GPPL,Gujarat Pipavav Port Limited,Other
GPTHEALTH,GPT Healthcare Limited,Other
GPTINFRA,GPT Infraprojects Limited,Other
GRANDOAK,Grand Oak Canyons Distillery Limited,Other
GRAUWEIL,Grauer & Weil India Limited,Other
GRAVISSHO,Graviss Hospitality Limited,Other
GREAVESCOT,Greaves Cotton Limited,Other
GREENLAM,Greenlam Industries Limited,Other
GREENPANEL,Greenpanel Industries Limited,Other
GREENPLY,Greenply Industries Limited,Other
GREENPOWER,Orient Green Power Company Limited,Other
GRINDWELL,Grindwell Norton Limited,Other
GRINFRA,G R Infraprojects Limited,Other
GRMOVER,GRM Overseas Limited,Other
GROBTEA,The Grob Tea Company Limited,Other
GRPLTD,GRP Limited,Other
GRWRHITECH,Garware Hi-Tech Films Limited,Other
GSFC,Gujarat State Fertilizers & Chemicals Limited,Other
GSLSU,Global Surfaces Limited,Other
GSPCROP,GSP Crop Science Limited,Other
GSS,GSS Infotech Limited,Other
GTL,GTL Limited,Other
GTLINFRA,GTL Infrastructure Limited,Other
GTPL,GTPL Hathway Limited,Other
GUFICBIO,Gufic Biosciences Limited,Other
GUJALKALI,Gujarat Alkalies and Chemicals Limited,Other
GUJAPOLLO,Gujarat Apollo Industries Limited,Other
GUJENERGY,GUJARAT ENERGY LIMITED,Other
GUJRAFFIA,Gujarat Raffia Industries Limited,Other
GUJTHEM,Gujarat Themis Biosyn Limited,Other
GULFOILLUB,Gulf Oil Lubricants India Limited,Other
GULPOLY,Gulshan Polyols Limited,Other
GVPIL,GE Power India Limited,Other
GVPTECH,GVP Infotech Limited,Other
GYFTR,Gyftr Limited,Other
HALDER,Halder Venture Limited,Other
HALEOSLABS,HALEOS LABS LIMITED,Other
HAPPSTMNDS,Happiest Minds Technologies Limited,Other
HAPPYFORGE,Happy Forgings Limited,Other
HARDWYN,Hardwyn India Limited,Other
HARIOMPIPE,Hariom Pipe Industries Limited,Other
HARRMALAYA,Harrisons  Malayalam Limited,Other
HARSHA,Harsha Engineers International Limited,Other
HATHWAY,Hathway Cable & Datacom Limited,Other
HATSUN,Hatsun Agro Product Limited,Other
HAVISHA,Sri Havisha Hospitality and Infrastructure Limited,Other
HAWKINCOOK,Hawkins Cookers Limited,Other
HBESD,HB Estate Developers Limited,Other
HBSL,HB Stockholdings Limited,Other
HCC,Hindustan Construction Company Limited,Other
HCG,Healthcare Global Enterprises Limited,Other
HCL-INSYS,HCL Infosystems Limited,Other
HEADSUP,Heads UP Ventures Limited,Other
HEALTHX,Health X Platform Limited,Other
HECPROJECT,HEC Infra Projects Limited,Other
HEIDELBERG,HeidelbergCement India Limited,Other
HEMIPROP,Hemisphere Properties India Limited,Other
HERANBA,Heranba Industries Limited,Other
HERITGFOOD,Heritage Foods Limited,Other
HESTERBIO,Hester Biosciences Limited,Other
HEXATRADEX,Hexa Tradex Limited,Other
HGINFRA,H.G. Infra Engineering Limited,Other
HGM,HandsOn Global Management (HGM) Limited,Other
HGS,Hinduja Global Solutions Limited,Other
HIKAL,Hikal Limited,Other
HILINFRA,Highway Infrastructure Limited,Other
HIMATSEIDE,Himatsingka Seide Limited,Other
HINDCOMPOS,Hindustan Composites Limited,Other
HINDCON,Hindcon Chemicals Limited,Other
HINDOILEXP,Hindustan Oil Exploration Company Limited,Other
HINDWAREAP,Hindware Home Innovation Limited,Other
HIRECT,Hind Rectifiers Limited,Other
HISARMETAL,Hisar Metal Industries Limited,Other
HITECH,Hi-Tech Pipes Limited,Other
HLEGLAS,HLE Glascoat Limited,Other
HLVLTD,HLV LIMITED,Other
HMAAGRO,HMA Agro Industries Limited,Other
HNDFDS,Hindustan Foods Limited,Other
HONDAPOWER,Honda India Power Products Limited,Other
HPAL,HP Adhesives Limited,Other
HPIL,Hindprakash Industries Limited,Other
HPL,HPL Electric & Power Limited,Other
HTMEDIA,HT Media Limited,Other
HUBTOWN,Hubtown Limited,Other
HUHTAMAKI,Huhtamaki India Limited,Other
ICDSLTD,ICDS Limited,Other
ICEMAKE,Ice Make Refrigeration Limited,Other
ICIL,Indo Count Industries Limited,Other
ICRA,ICRA Limited,Other
IFBIND,IFB Industries Limited,Other
IFGLEXPOR,IFGL Refractories Limited,Other
IGARASHI,Igarashi Motors India Limited,Other
IGCL,Indogulf Cropsciences Limited,Other
IGPL,IG Petrochemicals Limited,Other
IIFLCAPS,IIFL Capital Services Limited,Other
IITL,Industrial Investment Trust Limited,Other
IKIO,IKIO Technologies Limited,Other
IMAGICAA,Imagicaaworld Entertainment Limited,Other
IMFA,Indian Metals & Ferro Alloys Limited,Other
IMPAL,India Motor Parts and Accessories Limited,Other
INA,Insolation Energy Limited,Other
INCREDIBLE,INCREDIBLE INDUSTRIES LIMITED,Other
INDBANK,Indbank Merchant Banking Services Limited,Other
INDIAGLYCO,India Glycols Limited,Other
INDIANCARD,Indian Card Clothing Company Limited,Other
INDIANHUME,Indian Hume Pipe Company Limited,Other
INDIASHLTR,India Shelter Finance Corporation Limited,Other
INDIGOPNTS,Indigo Paints Limited,Other
INDIQUBE,Indiqube Spaces Limited,Other
INDNIPPON,India Nippon Electricals Limited,Other
INDOBORAX,Indo Borax & Chemicals Limited,Other
INDOCO,Indoco Remedies Limited,Other
INDOFARM,Indo Farm Equipment Limited,Other
INDOMIM,INDO-MIM Limited,Other
INDORAMA,Indo Rama Synthetics (India) Limited,Other
INDOSTAR,IndoStar Capital Finance Limited,Other
INDOTHAI,Indo Thai Securities Limited,Other
INDOUS,Indo Us Biotech Limited,Other
INDPRUD,Industrial & Prudential Investment Company Limited,Other
INDRAMEDCO,Indraprastha Medical Corporation Limited,Other
INDSWFTLAB,Ind-Swift Laboratories Limited,Other
INDTERRAIN,Indian Terrain Fashions Limited,Other
INFOBEAN,InfoBeans Technologies Limited,Other
INFOMEDIA,Infomedia Press Limited,Other
INGERRAND,Ingersoll Rand (India) Limited,Other
INNOVACAP,Innova Captab Limited,Other
INNOVANA,Innovana Thinklabs Limited,Other
INNOVISION,Innovision Limited,Other
INOXINDIA,INOX India Limited,Other
INSECTICID,Insecticides (India) Limited,Other
INTENTECH,Intense Technologies Limited,Other
INTERARCH,Interarch Building Solutions Limited,Other
INTLCONV,International Conveyors Limited,Other
INVENTURE,Inventure Growth & Securities Limited,Other
IOLCP,IOL Chemicals and Pharmaceuticals Limited,Other
IONEXCHANG,ION Exchange (India) Limited,Other
IPL,India Pesticides Limited,Other
IRIS,IRIS RegTech Solutions Limited,Other
IRISDOREME,Iris Clothings Limited,Other
IRMENERGY,IRM Energy Limited,Other
ISFT,Intrasoft Technologies Limited,Other
ISGEC,Isgec Heavy Engineering Limited,Other
ISHANCH,Ishan Dyes and Chemicals Limited,Other
ITDC,India Tourism Development Corporation Limited,Other
IVALUE,Ivalue Infosolutions Limited,Other
IVC,IL&FS Investment Managers Limited,Other
IWP,The Indian Wood Products Company Limited,Other
IXIGO,Le Travenues Technology Limited,Other
IZMO,IZMO Limited,Other
JAGRAN,Jagran Prakashan Limited,Other
JAGSNPHARM,Jagsonpal Pharmaceuticals Limited,Other
JAICORPLTD,Jai Corp Limited,Other
JAIPURKURT,Nandani Creation Limited,Other
JAMNAAUTO,Jamna Auto Industries Limited,Other
JARO,Jaro Institute of Technology Management and Research Limited,Other
JASH,Jash Engineering Limited,Other
JAYAGROGN,Jayant Agro Organics Limited,Other
JAYBARMARU,Jay Bharat Maruti Limited,Other
JAYKAY,Jaykay Enterprises Limited,Other
JAYNECOIND,Jayaswal Neco Industries Limited,Other
JAYSREETEA,Jayshree Tea & Industries Limited,Other
JETFREIGHT,Jet Freight Logistics Limited,Other
JGCHEM,J.G.Chemicals Limited,Other
JHS,JHS Svendgaard Laboratories Limited,Other
JINDALPHOT,Jindal Photo Limited,Other
JINDALPOLY,Jindal Poly Films Limited,Other
JINDRILL,Jindal Drilling And Industries Limited,Other
JINDWORLD,Jindal Worldwide Limited,Other
JISLDVREQS,Jain Irrigation Systems Limited,Other
JISLJALEQS,Jain Irrigation Systems Limited,Other
JITFINFRA,JITF Infralogistics Limited,Other
JKIL,J.Kumar Infraprojects Limited,Other
JKLAKSHMI,JK Lakshmi Cement Limited,Other
JKPAPER,JK Paper Limited,Other
JLHL,Jupiter Life Line Hospitals Limited,Other
JMA,Jullundur Motor Agency (Delhi) Limited,Other
JNKINDIA,JNK India Limited,Other
JNPR,Juniper Green Energy Limited,Other
JPOLYINVST,Jindal Poly Investment and Finance Company Limited,Other
JSFB,Jana Small Finance Bank Limited,Other
JSLL,Jeena Sikho Lifecare Limited,Other
JSWHL,JSW Holdings Limited,Other
JTEKTINDIA,Jtekt India Limited,Other
JTLIND,JTL INDUSTRIES LIMITED,Other
JUBLCPL,Jubilant Agri and Consumer Products Limited,Other
JUNIPER,Juniper Hotels Limited,Other
JUSTDIAL,Just Dial Limited,Other
JYOTHYLAB,Jyothy Labs Limited,Other
JYOTISTRUC,Jyoti Structures Limited,Other
KABRAEXTRU,Kabra Extrusion Technik Limited,Other
KALAMANDIR,Sai Silks (Kalamandir) Limited,Other
KALPATARU,Kalpataru Limited,Other
KALYANIFRG,Kalyani Forge Limited,Other
KAMAHOLD,Kama Holdings Limited,Other
KAMATHOTEL,Kamat Hotels (I) Limited,Other
KAMOPAINTS,Kamdhenu Ventures Limited,Other
KANANIIND,Kanani Industries Limited,Other
KANPRPLA,Kanpur Plastipack Limited,Other
KANSAINER,Kansai Nerolac Paints Limited,Other
KAPSTON,Kapston Services Limited,Other
KARMAENG,Karma Energy Limited,Other
KAVDEFENCE,Kavveri Defence & Wireless Technologies Limited,Other
KAYA,Kaya Limited,Other
KCP,KCP Limited,Other
KCPSUGIND,KCP Sugar and Industries Corporation Limited,Other
KDDL,KDDL Limited,Other
KECL,Kirloskar Electric Company Limited,Other
KEEPLEARN,DSJ Keep Learning Limited,Other
KELLTONTEC,Kellton Tech Solutions Limited,Other
KENNAMET,Kennametal India Limited,Other
KERNEX,Kernex Microsystems (India) Limited,Other
KEYFINSERV,Keynote Financial Services Limited,Other
KHAICHEM,Khaitan Chemicals & Fertilizers Limited,Other
KHAITANLTD,Khaitan (India) Limited,Other
KHANDSE,Khandwala Securities Limited,Other
KICL,Kalyani Investment Company Limited,Other
KINGFA,Kingfa Science & Technology (India) Limited,Other
KIOCL,KIOCL Limited,Other
KIRANVYPAR,Kiran Vyapar Limited,Other
KIRIINDUS,Kiri Industries Limited,Other
KIRLFER,Kirloskar Ferrous Industries Limited,Other
KIRLOSBROS,Kirloskar Brothers Limited,Other
KIRLOSIND,Kirloskar Industries Limited,Other
KIRLPNU,Kirloskar Pneumatic Company Limited,Other
KISSHT,OnEMI Technology Solutions Limited,Other
KITEX,Kitex Garments Limited,Other
KKCL,Kewal Kiran Clothing Limited,Other
KLBRENG-B,Kilburn Engineering Limited,Other
KMEW,Knowledge Marine & Engineering Works Limited,Other
KMSUGAR,K.M.Sugar Mills Limited,Other
KNACK,Knack Packaging Limited,Other
KNAGRI,KN Agri Resources Limited,Other
KNRCON,KNR Constructions Limited,Other
KOHINOOR,Kohinoor Foods Limited,Other
KOKUYOCMLN,Kokuyo Camlin Limited,Other
KOLTEPATIL,Kolte - Patil Developers Limited,Other
KOTARISUG,Kothari Sugars And Chemicals Limited,Other
KOTHARIPET,Kothari Petrochemicals Limited,Other
KOTHARIPRO,Kothari Products Limited,Other
KOTIC,Kothari Industrial Corporation Limited,Other
KOVAI,Kovai Medical Center & Hospital Limited,Other
KPEL,K.P. Energy Limited,Other
KPIGREEN,KPI Green Energy Limited,Other
KPL,Kwality Pharmaceuticals Limited,Other
KRBL,KRBL Limited,Other
KREBSBIO,Krebs Biochemicals and Industries Limited,Other
KRISHANA,Krishana Phoschem Limited,Other
KRISHIVAL,Krishival Foods Limited,Other
KRISHNADEF,Krishna Defence And Allied Industries Limited,Other
KRITIKA,Kritika Wires Limited,Other
KRITINUT,Kriti Nutrients Limited,Other
KRONOX,Kronox Lab Sciences Limited,Other
KROSS,Kross Limited,Other
KRSNAA,Krsnaa Diagnostics Limited,Other
KRYSTAL,Krystal Integrated Services Limited,Other
KSB,Ksb Limited,Other
KSCL,Kaveri Seed Company Limited,Other
KSHINTL,KSH International Limited,Other
KSL,Kalyani Steels Limited,Other
KSOLVES,Ksolves India Limited,Other
KSR,KSR Footwear Limited,Other
KTKBANK,The Karnataka Bank Limited,Other
KUANTUM,Kuantum Papers Limited,Other
KUSUMGAR,Kusumgar Limited,Other
KWIL,Kwality Wall's (India) Limited,Other
LAGNAM,Lagnam Spintex Limited,Other
LAHOTIOV,Lahoti Overseas Limited,Other
LAL,Lorenzini Apparels Limited,Other
LAMBODHARA,Lambodhara Textiles Limited,Other
LANCORHOL,Lancor Holdings Limited,Other
LANDMARK,Landmark Cars Limited,Other
LANDSMILL,Landsmill Green Limited,Other
LAOPALA,La Opala RG Limited,Other
LASA,Lasa Supergenerics Limited,Other
LASERPOWER,Laser Power & Infra Limited,Other
LAXMICOT,Laxmi Cotspin Limited,Other
LAXMIDENTL,Laxmi Dental Limited,Other
LCCINFOTEC,LCC Infotech Limited,Other
LCL,Lohia Corp Limited,Other
LEMERITE,Le Merite Exports Limited,Other
LEXUS,Lexus Granito (India) Limited,Other
LFIC,Lakshmi Finance & Industrial Corporation Limited,Other
LGBBROSLTD,LG Balakrishnan & Bros Limited,Other
LGHL,Laxmi Goldorna House Limited,Other
LIBAS,Libas Consumer Products Limited,Other
LIBERTSHOE,Liberty Shoes Limited,Other
LIKHITHA,Likhitha Infrastructure Limited,Other
LINC,Linc Limited,Other
LINCOLN,Lincoln Pharmaceuticals Limited,Other
LLOYDSENGG,LLOYDS ENGINEERING WORKS LIMITED,Other
LLOYDSENT,Lloyds Enterprises Limited,Other
LMW,LMW Limited,Other
LORDSCHLO,Lords Chloro Alkali Limited,Other
LOTUSDEV,Sri Lotus Developers and Realty Limited,Other
LOTUSEYE,Lotus Eye Hospital and Institute Limited,Other
LOVABLE,Lovable Lingerie Limited,Other
LOYALTEX,Loyal Textile Mills Limited,Other
LPDC,Landmark Property Development Company Limited,Other
LUMAXIND,Lumax Industries Limited,Other
LUMAXTECH,Lumax Auto Technologies Limited,Other
LUXIND,Lux Industries Limited,Other
LXCHEM,Laxmi Organic Industries Limited,Other
MAANALU,Maan Aluminium Limited,Other
MACPOWER,Macpower CNC Machines Limited,Other
MADHAV,Madhav Marbles and Granites Limited,Other
MADHAVIPL,Madhav Infra Projects Limited,Other
MADRASFERT,Madras Fertilizers Limited,Other
MAFATIND,Mafatlal Industries Limited,Other
MAGADSUGAR,Magadh Sugar & Energy Limited,Other
MAGNUM,Magnum Ventures Limited,Other
MAHAPEXLTD,Maha Rashtra Apex Corporation Limited,Other
MAHASTEEL,Mahamaya Steel Industries Limited,Other
MAHEPC,Mahindra EPC Irrigation Limited,Other
MAHLIFE,Mahindra Lifespace Developers Limited,Other
MAHLOG,Mahindra Logistics Limited,Other
MAHSCOOTER,Maharashtra Scooters Limited,Other
MAHSEAMLES,Maharashtra Seamless Limited,Other
MAITHANALL,Maithan Alloys Limited,Other
MALLCOM,Mallcom (India) Limited,Other
MALUPAPER,Malu Paper Mills Limited,Other
MAMATA,Mamata Machinery Limited,Other
MANAKALUCO,Manaksia Aluminium Company Limited,Other
MANAKCOAT,Manaksia Coated Metals & Industries Limited,Other
MANAKSIA,Manaksia Limited,Other
MANAKSTEEL,Manaksia Steels Limited,Other
MANALIPETC,Manali Petrochemicals Limited,Other
MANBA,Manba Finance Limited,Other
MANCREDIT,Mangal Credit and Fincorp Limited,Other
MANGALAM,Mangalam Drugs And Organics Limited,Other
MANGLMCEM,Mangalam Cement Limited,Other
MANINDS,Man Industries (India) Limited,Other
MANINFRA,Man Infraconstruction Limited,Other
MANIPALHOS,Manipal Health Enterprises Limited,Other
MANOMAY,Manomay Tex India Limited,Other
MANORAMA,Manorama Industries Limited,Other
MANYAVAR,Vedant Fashions Limited,Other
MARATHON,Marathon Nextgen Realty Limited,Other
MARINE,Marine Electricals (India) Limited,Other
MARKOLINES,Markolines Pavement Technologies Limited,Other
MARKSANS,Marksans Pharma Limited,Other
MARSONS,Marsons Limited,Other
MASFIN,MAS Financial Services Limited,Other
MASTEK,Mastek Limited,Other
MASTERTR,Master Trust Limited,Other
MATRIMONY,Matrimony.Com Limited,Other
MAXESTATES,Max Estates Limited,Other
MAXIND,Max India Limited,Other
MAYURUNIQ,Mayur Uniquoters Ltd,Other
MBAPL,Madhya Bharat Agro Products Limited,Other
MBEL,M & B Engineering Limited,Other
MCCHRLS-B,Mac Charles India Limited,Other
MCL,M TEK COPPER LIMITED,Other
MCLOUD,Magellanic Cloud Limited,Other
MEDIASSIST,Medi Assist Healthcare Services Limited,Other
MEDICAMEQ,Medicamen Biotech Limited,Other
MEDICO,Medico Remedies Limited,Other
MEDPLUS,Medplus Health Services Limited,Other
MEGASTAR,Megastar Foods Limited,Other
MEIL,Mangal Electrical Industries Limited,Other
MENNPIS,Menon Pistons Limited,Other
MERCANTILE,Mercantile Ventures Limited,Other
MERCURYEV,Mercury Ev-Tech Limited,Other
METROBRAND,Metro Brands Limited,Other
METROGLOBL,Metroglobal Limited,Other
METROPOLIS,Metropolis Healthcare Limited,Other
MFML,Mahalaxmi Fabric Mills Limited,Other
MHLXMIRU,Mahalaxmi Rubtech Limited,Other
MHRIL,Mahindra Holidays & Resorts India Limited,Other
MIDHANI,Mishra Dhatu Nigam Limited,Other
MIDWESTLTD,Midwest Limited,Other
MINDTECK,Mindteck (India) Limited,Other
MIRZAINT,Mirza International Limited,Other
MITTAL,Mittal Life Style Limited,Other
MKPL,M K Proteins Limited,Other
MMFL,MM Forgings Limited,Other
MMP,MMP Industries Limited,Other
MOBIKWIK,One Mobikwik Systems Limited,Other
MODIRUBBER,Modi Rubber Limited,Other
MODIS,Modis Navnirman Limited,Other
MODTHREAD,Modern Threads (India) Limited,Other
MOHITIND,Mohit Industries Limited,Other
MOIL,MOIL Limited,Other
MOKSH,Moksh Ornaments Limited,Other
MOL,Meghmani Organics Limited,Other
MOLDTECH,Mold-Tek Technologies Limited,Other
MOLDTKPAC,Mold-Tek Packaging Limited,Other
MONARCH,Monarch Networth Capital Limited,Other
MONEYBOXX,Moneyboxx Finance Limited,Other
MONTECARLO,Monte Carlo Fashions Limited,Other
MOREPENLAB,Morepen Laboratories Limited,Other
MOSCHIP,Moschip Technologies Limited,Other
MOTISONS,Motisons Jewellers Limited,Other
MPSLTD,MPS Limited,Other
MSPL,MSP Steel & Power Limited,Other
MSTCLTD,Mstc Limited,Other
MTNL,Mahanagar Telephone Nigam Limited,Other
MUFIN,Mufin Green Finance Limited,Other
MUFTI,Credo Brands Marketing Limited,Other
MUKANDLTD,Mukand Limited,Other
MUKKA,Mukka Proteins Limited,Other
MUNJALAU,Munjal Auto Industries Limited,Other
MUNJALSHOW,Munjal Showa Limited,Other
MURUDCERA,Murudeshwar Ceramics Limited,Other
MUTHOOTCAP,Muthoot Capital Services Limited,Other
MUTHOOTMF,Muthoot Microfin Limited,Other
MVELECTRO,MV Electrosystems Limited,Other
MVGJL,Manoj Vaibhav Gems N Jewellers Limited,Other
MWL,Mangalam Worldwide Limited,Other
NACLIND,NACL Industries Limited,Other
NAGREEKCAP,Nagreeka Capital & Infrastructure Limited,Other
NAGREEKEXP,Nagreeka Exports Limited,Other
NAHARCAP,Nahar Capital and Financial Services Limited,Other
NAHARINDUS,Nahar Industrial Enterprises Limited,Other
NAHARPOLY,Nahar Poly Films Limited,Other
NAHARSPING,Nahar Spinning Mills Limited,Other
NARMADA,Narmada Agrobase Limited,Other
NATCAPSUQ,Natural Capsules Limited,Other
NATHBIOGEN,Nath Bio-Genes (India) Limited,Other
NATIONSTD,National Standard (India) Limited,Other
NAVKARCORP,Navkar Corporation Limited,Other
NAVNETEDUL,Navneet Education Limited,Other
NAZARA,Nazara Technologies Limited,Other
NBIFIN,N. B. I. Industrial Finance Company Limited,Other
NCLIND,NCL Industries Limited,Other
NDGL,Naga Dhunseri Group Limited,Other
NDL,Nandan Denim Limited,Other
NDLVENTURE,NDL Ventures Limited,Other
NDRAUTO,Ndr Auto Components Limited,Other
NDTV,New Delhi Television Limited,Other
NEAGI,Neelamalai Agro Industries Limited,Other
NELCAST,Nelcast Limited,Other
NELCO,NELCO Limited,Other
NEOGEN,Neogen Chemicals Limited,Other
NEPHROPLUS,Nephrocare Health Services Limited,Other
NESCO,Nesco Limited,Other
NETWORK18,Network18 Media & Investments Limited,Other
NEXTMEDIA,Next Mediaworks Limited,Other
NFL,National Fertilizers Limited,Other
NGLFINE,NGL Fine-Chem Limited,Other
NIBE,NIBE Limited,Other
NIBL,NRB Industrial Bearings Limited,Other
NIITLTD,NIIT Limited,Other
NIITMTS,NIIT Learning Systems Limited,Other
NILAINFRA,Nila Infrastructures Limited,Other
NILASPACES,Nila Spaces Limited,Other
NILE,Nile Limited,Other
NILKAMAL,Nilkamal Limited,Other
NIPPOBATRY,Indo-National Limited,Other
NIRAJISPAT,Niraj Ispat Industries Limited,Other
NIRLON,Nirlon Limited,Other
NITCO,Nitco Limited,Other
NITINSPIN,Nitin Spinners Limited,Other
NITIRAJ,Nitiraj Engineers Limited,Other
NITTAGELA,Nitta Gelatin India Limited,Other
NKIND,NK Industries Limited,Other
NOCIL,NOCIL Limited,Other
NORBTEAEXP,Norben Tea & Exports Limited,Other
NORTHARC,Northern Arc Capital Limited,Other
NOVARTIND,Novartis India Limited,Other
NPST,Network People Services Technologies Limited,Other
NRAIL,N R Agarwal Industries Limited,Other
NRBBEARING,NRB Bearing Limited,Other
NSIL,Nalwa Sons Investments Limited,Other
NUCLEUS,Nucleus Software Exports Limited,Other
NURECA,Nureca Limited,Other
OAL,Oriental Aromatics Limited,Other
OBCL,OBCL Limited,Other
OMAXE,Omaxe Limited,Other
OMINFRAL,OM INFRA LIMITED,Other
OMNI,Omnitech Engineering Limited,Other
OMPOWER,Om Power Transmission Limited,Other
ONEPOINT,One Point One Solutions Limited,Other
ONWARDTEC,Onward Technologies Limited,Other
OPTIEMUS,Optiemus Infracom Limited,Other
ORCHASP,Orchasp Limited,Other
ORCHPHARMA,Orchid Pharma Limited,Other
ORICONENT,Oricon Enterprises Limited,Other
ORIENTALTL,Oriental Trimex Limited,Other
ORIENTBELL,Orient Bell Limited,Other
ORIENTCEM,Orient Cement Limited,Other
ORIENTCER,ORIENT CERATECH LIMITED,Other
ORIENTELEC,Orient Electric Limited,Other
ORIENTHOT,Oriental Hotels Limited,Other
ORIENTPPR,Orient Paper & Industries Limited,Other
ORIENTTECH,Orient Technologies Limited,Other
ORISSAMINE,The Orissa Minerals Development Company Limited,Other
ORKLAINDIA,Orkla India Limited,Other
OSWALAGRO,Oswal Agro Mills Limited,Other
OSWALGREEN,Oswal Greentech Limited,Other
OSWALPUMPS,Oswal Pumps Limited,Other
OSWALSEEDS,ShreeOswal Seeds And Chemicals Limited,Other
PACEDIGITK,Pace Digitek Limited,Other
PAISALO,Paisalo Digital Limited,Other
PAKKA,PAKKA LIMITED,Other
PALASHSECU,Palash Securities Limited,Other
PANACEABIO,Panacea Biotec Limited,Other
PANAMAPET,Panama Petrochem Limited,Other
PANSARI,Pansari Developers Limited,Other
PAR,Par Drugs And Chemicals Limited,Other
PARACABLES,Paramount Communications Limited,Other
PARAGMILK,Parag Milk Foods Limited,Other
PARAS,Paras Defence and Space Technologies Limited,Other
PARASPETRO,Paras Petrofils Limited,Other
PARKHOSPS,Park Medi World Limited,Other
PARKHOTELS,Apeejay Surrendra Park Hotels Limited,Other
PASHUPATI,Pashupati Cotspin Limited,Other
PATELENG,Patel Engineering Limited,Other
PATELRMART,Patel Retail Limited,Other
PAUSHAKLTD,Paushak Limited,Other
PAVNAIND,Pavna Industries Limited,Other
PCJEWELLER,PC Jeweller Limited,Other
PDMJEPAPER,Pudumjee Paper Products Limited,Other
PDSL,PDS Limited,Other
PENIND,Pennar Industries Limited,Other
PFS,PTC India Financial Services Limited,Other
PGHH,Procter & Gamble Hygiene and Health Care Limited,Other
PGHL,Procter & Gamble Health Limited,Other
PGIL,Pearl Global Industries Limited,Other
PICCADIL,Piccadily Agro Industries Limited,Other
PIGL,Power & Instrumentation (Gujarat) Limited,Other
PILANIINVS,Pilani Investment and Industries Corporation Limited,Other
PIONEEREMB,Pioneer Embroideries Limited,Other
PITTIENG,Pitti Engineering Limited,Other
PIXTRANS,Pix Transmissions Limited,Other
PKTEA,The Peria Karamalai Tea & Produce Company Limited,Other
PLASTIBLEN,Plastiblends India Limited,Other
PLATIND,Platinum Industries Limited,Other
PML,Paul Merchants Limited,Other
PNBGILTS,PNB Gilts Limited,Other
PNC,Pritish Nandy Communications Limited,Other
PNCINFRA,PNC Infratech Limited,Other
PNGJL,P N Gadgil Jewellers Limited,Other
PNGSREVA,PNGS Reva Diamond Jewellery Limited,Other
POCL,Pondy Oxides & Chemicals Limited,Other
PODDARMENT,Poddar Pigments Limited,Other
POKARNA,Pokarna Limited,Other
POLYPLEX,Polyplex Corporation Limited,Other
PONNIERODE,Ponni Sugars (Erode) Limited,Other
POWERICA,Powerica Limited,Other
POWERMECH,Power Mech Projects Limited,Other
PRABHA,Prabha Energy Limited,Other
PRAENG,Prajay Engineers Syndicate Limited,Other
PRAJIND,Praj Industries Limited,Other
PRAKASH,Prakash Industries Limited,Other
PRAKASHSTL,Prakash Steelage Limited,Other
PRAVEG,Praveg Limited,Other
PRAXIS,Praxis Home Retail Limited,Other
PRECAM,Precision Camshafts Limited,Other
PRECOT,Precot Limited,Other
PRECWIRE,Precision Wires India Limited,Other
PREMCO,Premco Global Limited,Other
PREMEXPLN,Premier Explosives Limited,Other
PREMIERPOL,Premier Polyfilm Limited,Other
PRICOLLTD,Pricol Limited,Other
PRIMESECU,Prime Securities Limited,Other
PRIMO,Primo Chemicals Limited,Other
PRINCEPIPE,Prince Pipes And Fittings Limited,Other
PRIVISCL,Privi Speciality Chemicals Limited,Other
PROSTARM,Prostarm Info Systems Limited,Other
PROTEAN,Protean eGov Technologies Limited,Other
PROZONER,Prozone Realty Limited,Other
PRSMJOHNSN,Prism Johnson Limited,Other
PRUDENT,Prudent Corporate Advisory Services Limited,Other
PSB,Punjab & Sind Bank,Other
PSPPROJECT,PSP Projects Limited,Other
PTC,PTC India Limited,Other
PTL,PTL Enterprises Limited,Other
PUNJABCHEM,Punjab Chemicals & Crop Protection Limited,Other
PURVA,Puravankara Limited,Other
PVP,PVP Ventures Limited,Other
PVSL,Popular Vehicles and Services Limited,Other
PYRAMID,Pyramid Technoplast Limited,Other
QMSMEDI,QMS Medical Allied Services Limited,Other
QUADFUTURE,Quadrant Future Tek Limited,Other
QUESS,Quess Corp Limited,Other
QUINT,Quint Digital Limited,Other
RACE,Race Eco Chain Limited,Other
RACLGEAR,RACL Geartech Limited,Other
RADAAN,Radaan Mediaworks India Limited,Other
RADHIKAJWE,Radhika Jeweltech Limited,Other
RADIANTCMS,Radiant Cash Management Services Limited,Other
RADIOCITY,Music Broadcast Limited,Other
RAIN,Rain Industries Limited,Other
RAJMET,Rajnandini Metal Limited,Other
RAJPALAYAM,Rajapalayam Mills Limited,Other
RAJRATAN,Rajratan Global Wire Limited,Other
RAJSREESUG,Rajshree Sugars & Chemicals Limited,Other
RAJTV,Raj Television Network Limited,Other
RALLIS,Rallis India Limited,Other
RAMANEWS,Shree Rama Newsprint Limited,Other
RAMAPHO,Rama Phosphates Limited,Other
RAMBHAJO,Advit Jewels Limited,Other
RAMCOIND,Ramco Industries Limited,Other
RAMCOSYS,Ramco Systems Limited,Other
RAMKY,Ramky Infrastructure Limited,Other
RAMRAT,Ram Ratna Wires Limited,Other
RANASUG,Rana Sugars Limited,Other
RANEHOLDIN,Rane Holdings Limited,Other
RATEGAIN,Rategain Travel Technologies Limited,Other
RATNAMANI,Ratnamani Metals & Tubes Limited,Other
RATNAVEER,Ratnaveer Precision Engineering Limited,Other
RAYMOND,Raymond Limited,Other
RAYMONDLSL,Raymond Lifestyle Limited,Other
RAYMONDREL,Raymond Realty Limited,Other
RBA,Restaurant Brands Asia Limited,Other
RBZJEWEL,RBZ Jewellers Limited,Other
RCF,Rashtriya Chemicals and Fertilizers Limited,Other
REDTAPE,Redtape Limited,Other
REFEX,Refex Industries Limited,Other
REGENCERAM,Regency Ceramics Limited,Other
RELAXO,Relaxo Footwears Limited,Other
RELCHEMQ,Reliance Chemotex Industries Limited,Other
RELIABLE,Reliable Data Services Limited,Other
RELIGARE,Religare Enterprises Limited,Other
RELTD,Ravindra Energy Limited,Other
REMSONSIND,Remsons Industries Limited,Other
RENUKA,Shree Renuka Sugars Limited,Other
REPCOHOME,Repco Home Finance Limited,Other
REPRO,Repro India Limited,Other
RESPONIND,Responsive Industries Limited,Other
RETAIL,JHS Svendgaard Retail Ventures Limited,Other
RGL,Renaissance Global Limited,Other
RHETAN,Rhetan TMT Limited,Other
RHL,Robust Hotels Limited,Other
RICOAUTO,Rico Auto Industries Limited,Other
RIIL,Reliance Industrial Infrastructure Limited,Other
RIR,RIR Power Electronics Limited,Other
RISHABH,Rishabh Instruments Limited,Other
RITCO,Ritco Logistics Limited,Other
RKDL,Ravi Kumar Distilleries Limited,Other
RKEC,RKEC Projects Limited,Other
RKSWAMY,R K Swamy Limited,Other
RMC,RMC Switchgears Limited,Other
RML,Rane (Madras) Limited,Other
RNBDENIMS,R&B Denims Limited,Other
ROHLTD,Royal Orchid Hotels Limited,Other
ROLEXRINGS,Rolex Rings Limited,Other
ROML,Raj Oil Mills Limited,Other
ROSSARI,Rossari Biotech Limited,Other
ROSSELLIND,Rossell India Limited,Other
ROSSTECH,Rossell Techsys Limited,Other
ROTO,Roto Pumps Limited,Other
ROUTE,ROUTE MOBILE LIMITED,Other
RPEL,Raghav Productivity Enhancers Limited,Other
RPGLIFE,RPG Life Sciences Limited,Other
RPPINFRA,R.P.P. Infra Projects Limited,Other
RPPL,Rajshree Polypack Limited,Other
RPSGVENT,RPSG VENTURES LIMITED,Other
RPTECH,Rashi Peripherals Limited,Other
RRIL,RRIL Limited,Other
RSL,Rajputana Stainless Limited,Other
RSYSTEMS,R Systems International Limited,Other
RTNINDIA,RattanIndia Enterprises Limited,Other
RTNPOWER,RattanIndia Power Limited,Other
RUBFILA,Rubfila International Limited,Other
RUBICON,Rubicon Research Limited,Other
RUCHINFRA,Ruchi Infrastructure Limited,Other
RUCHIRA,Ruchira Papers Limited,Other
RUDRA,Rudra Global Infra Products Limited,Other
RUPA,Rupa & Company Limited,Other
RUSHIL,Rushil Decor Limited,Other
RUSTOMJEE,Keystone Realtors Limited,Other
RVHL,Ravinder Heights Limited,Other
RVTH,Revathi Equipment India Limited,Other
S&SPOWER,S&S Power Switchgears Limited,Other
SAATVIKGL,Saatvik Green Energy Limited,Other
SADBHAV,Sadbhav Engineering Limited,Other
SAFARI,Safari Industries (India) Limited,Other
SAGARDEEP,Sagardeep Alloys Limited,Other
SAGCEM,Sagar Cements Limited,Other
SAHLIBHFI,Shalibhadra Finance Limited,Other
SAHYADRI,Sahyadri Industries Limited,Other
SAIPARENT,Sai Parenterals Limited,Other
SAKAR,Sakar Healthcare Limited,Other
SAKHTISUG,Sakthi Sugars Limited,Other
SAKSOFT,Saksoft Limited,Other
SAKUMA,Sakuma Exports Limited,Other
SALASAR,Salasar Techno Engineering Limited,Other
SALONA,Salona Cotspin Limited,Other
SALSTEEL,S.A.L. Steel Limited,Other
SALZERELEC,Salzer Electronics Limited,Other
SAMBHAAV,Sambhaav Media Limited,Other
SAMBHV,Sambhv Steel Tubes Limited,Other
SAMHI,Samhi Hotels Limited,Other
SAMPANN,Sampann Utpadan India Limited,Other
SANATHAN,Sanathan Textiles Limited,Other
SANDESH,The Sandesh Limited,Other
SANDHAR,Sandhar Technologies Limited,Other
SANDUMA,Sandur Manganese & Iron Ores Limited,Other
SANGAMIND,Sangam (India) Limited,Other
SANGHVIMOV,Sanghvi Movers Limited,Other
SANOFI,Sanofi India Limited,Other
SANOFICONR,Sanofi Consumer Healthcare India Limited,Other
SANSERA,Sansera Engineering Limited,Other
SANSTAR,Sanstar Limited,Other
SAPPL,Shree Ajit Pulp & Paper Limited,Other
SARLAPOLY,Sarla Performance Fibers Limited,Other
SARVESHWAR,Sarveshwar Foods Limited,Other
SASKEN,Sasken Technologies Limited,Other
SATIA,Satia Industries Limited,Other
SATIN,Satin Creditcare Network Limited,Other
SAURASHCEM,Saurashtra Cement Limited,Other
SAYAJIHOTL,Sayaji Hotels Limited,Other
SBC,SBC Exports Limited,Other
SBCL,Shivalik Bimetal Controls Limited,Other
SBGLP,Suratwwala Business Group Limited,Other
SBIFUNDS,SBI Funds Management Limited,Other
SCHAND,S Chand And Company Limited,Other
SCILAL,Shipping Corporation of India Land and Assets Limited,Other
SCODATUBES,Scoda Tubes Limited,Other
SCPL,Sheetal Cool Products Limited,Other
SDBL,Som Distilleries & Breweries Limited,Other
SEAMECLTD,Seamec Limited,Other
SECMARK,SecMark Consultancy Limited,Other
SECURKLOUD,SECUREKLOUD TECHNOLOGIES LIMITED,Other
SEDEMAC,SEDEMAC Mechatronics Limited,Other
SEIL,Shanti Educational Initiatives Limited,Other
SELMC,SEL Manufacturing Company Limited,Other
SENCO,Senco Gold Limited,Other
SENORES,Senores Pharmaceuticals Limited,Other
SEPC,SEPC Limited,Other
SERVOTECH,Servotech Renewable Power System Limited,Other
SESHAPAPER,Seshasayee Paper and Boards Limited,Other
SETL,Standard Engineering Technology Limited,Other
SFL,Sheela Foam Limited,Other
SGFIN,SG Finserve Limited,Other
SGIL,Synergy Green Industries Limited,Other
SGL,STL Global Limited,Other
SGMART,SG Mart Limited,Other
SHADOWFAX,Shadowfax Technologies Limited,Other
SHAH,Shah Metacorp Limited,Other
SHAHALLOYS,Shah Alloys Limited,Other
SHAILY,Shaily Engineering Plastics Limited,Other
SHAKTIPUMP,Shakti Pumps (India) Limited,Other
SHALBY,Shalby Limited,Other
SHANKARA,Shankara Building Products Limited,Other
SHANTI,Shanti Overseas (India) Limited,Other
SHANTIGEAR,Shanthi Gears Limited,Other
SHANTIGOLD,Shanti Gold International Limited,Other
SHARDACROP,Sharda Cropchem Limited,Other
SHARDAMOTR,Sharda Motor Industries Limited,Other
SHAREINDIA,Share India Securities Limited,Other
SHBAJRG,Shri Bajrang Alliance Limited,Other
SHEKHAWATI,Shekhawati Industries Limited,Other
SHILCTECH,Shilchar Technologies Limited,Other
SHILPAMED,Shilpa Medicare Limited,Other
SHINDL,Sharat Industries Limited,Other
SHIVATEX,Shiva Texyarn Limited,Other
SHIVAUM,Shiv Aum Steels Limited,Other
SHK,S H Kelkar and Company Limited,Other
SHOPERSTOP,Shoppers Stop Limited,Other
SHRADHA,Shradha Realty Limited,Other
SHREDIGCEM,Shree Digvijay Cement Co.Ltd,Other
SHREEJISPG,Shreeji Shipping Global Limited,Other
SHREEPUSHK,Shree Pushkar Chemicals & Fertilisers Limited,Other
SHREERAMA,Shree Rama Multi-Tech Limited,Other
SHREYANIND,Shreyans Industries Limited,Other
SHRIKRISH,Shri Krishna Devcon Limited,Other
SHRINGARMS,Shringar House of Mangalsutra Limited,Other
SHRIPISTON,SPR Auto Technologies Limited,Other
SHRIRAMPPS,Shriram Properties Limited,Other
SICAGEN,Sicagen India Limited,Other
SIGIND,Signet Industries Limited,Other
SIGMA,Sigma Solve Limited,Other
SIGNPOST,Signpost India Limited,Other
SIKA,Sika Interplant Systems Limited,Other
SIKKO,Sikko Industries Limited,Other
SIL,Standard Industries Limited,Other
SILGO,Silgo Retail Limited,Other
SILINV,SIL Investments Limited,Other
SILLYMONKS,Silly Monks Entertainment Limited,Other
SILVERTUC,Silver Touch Technologies Limited,Other
SIMPLEXINF,Simplex Infrastructures Limited,Other
SINCLAIR,Sinclairs Hotels Limited,Other
SINDHUTRAD,Sindhu Trade Links Limited,Other
SINGERIND,Singer India Limited,Other
SINTERCOM,Sintercom India Limited,Other
SIRCA,Sirca Paints India Limited,Other
SIS,SIS LIMITED,Other
SIYSIL,Siyaram Silk Mills Limited,Other
SJS,S.J.S. Enterprises Limited,Other
SKFINDIA,SKF India Limited,Other
SKFINDUS,SKF India (Industrial) Limited,Other
SKIPPER,Skipper Limited,Other
SKMEGGPROD,SKM Egg Products Export (India) Limited,Other
SKYGOLD,SKY GOLD AND DIAMONDS LIMITED,Other
SMARTWORKS,Smartworks Coworking Spaces Limited,Other
SMCGLOBAL,SMC Global Securities Limited,Other
SMLMAH,SML Mahindra Limited,Other
SMLT,Sarthak Metals Limited,Other
SMSPHARMA,SMS Pharmaceuticals Limited,Other
SNOWMAN,Snowman Logistics Limited,Other
SOLARA,Solara Active Pharma Sciences Limited,Other
SOLARWORLD,Solarworld Energy Solutions Limited,Other
SOLEX,Solex Energy Limited,Other
SOMANYCERA,Somany Ceramics Limited,Other
SOMATEX,Soma Textiles & Industries Limited,Other
SOMICONVEY,Somi Conveyor Beltings Limited,Other
SONAL,Sonal Mercantile Limited,Other
SONAMLTD,SONAM LIMITED,Other
SOTL,Savita Oil Technologies Limited,Other
SOUTHBANK,The South Indian Bank Limited,Other
SOUTHWEST,South West Pinnacle Exploration Limited,Other
SPAL,S. P. Apparels Limited,Other
SPANDANA,Spandana Sphoorty Financial Limited,Other
SPARC,Sun Pharma Advanced Research Company Limited,Other
SPCENET,Spacenet Enterprises India Limited,Other
SPECIALITY,Speciality Restaurants Limited,Other
SPECTRUM,Spectrum Electrical Industries Limited,Other
SPENCERS,Spencer's Retail Limited,Other
SPIC,Southern Petrochemicals Industries Corporation  Limited,Other
SPLIL,SPL Industries Limited,Other
SPMLINFRA,SPML Infra Limited,Other
SPORTKING,Sportking India Limited,Other
SRD,Shankar Lal Rampal Dye-Chem Limited,Other
SREEL,Sreeleathers Limited,Other
SRGHFL,SRG Housing Finance Limited,Other
SRHHYPOLTD,Sree Rayalaseema Hi-Strength Hypo Limited,Other
SRM,SRM Contractors Limited,Other
SRTL,Shree Ram Twistex Limited,Other
SSDL,Saraswati Saree Depot Limited,Other
SSWL,Steel Strips Wheels Limited,Other
STALLION,Stallion India Fluorochemicals Limited,Other
STANLEY,Stanley Lifestyles Limited,Other
STAR,Strides Pharma Science Limited,Other
STARCEMENT,Star Cement Limited,Other
STARPAPER,Star Paper Mills Limited,Other
STARTECK,Starteck Finance Limited,Other
STCINDIA,The State Trading Corporation of India Limited,Other
STEELCAS,Steelcast Limited,Other
STEELCITY,Steel City Securities Limited,Other
STEELXIND,STEEL EXCHANGE INDIA LIMITED,Other
STEL,Stel Holdings Limited,Other
STOVEKRAFT,Stove Kraft Limited,Other
STUDDS,Studds Accessories Limited,Other
STYL,Seshaasai Technologies Limited,Other
STYLAMIND,Stylam Industries Limited,Other
STYRENIX,Styrenix Performance Materials Limited,Other
SUBROS,Subros Limited,Other
SUDARCOLOR,Sudarshan Colorants India Limited,Other
SUDARSCHEM,Sudarshan Chemical Industries Limited,Other
SUDEEPPHRM,Sudeep Pharma Limited,Other
SUKHJITS,Sukhjit Starch & Chemicals Limited,Other
SULA,Sula Vineyards Limited,Other
SUMEETINDS,Sumeet Industries Limited,Other
SUMIT,Sumit Woods Limited,Other
SUMMITSEC,Summit Securities Limited,Other
SUNCLAY,Sundaram Clayton Limited,Other
SUNDARAM,Sundaram Multi Pap Limited,Other
SUNDRMFAST,Sundram Fasteners Limited,Other
SUNDROP,Sundrop Brands Limited,Other
SUNFLAG,Sunflag Iron And Steel Company Limited,Other
SUNTECK,Sunteck Realty Limited,Other
SUPERHOUSE,Superhouse Limited,Other
SUPRAJIT,Suprajit Engineering Limited,Other
SUPREME,Supreme Holdings & Hospitality (India) Limited,Other
SUPREMEINF,Supreme Infrastructure India Limited,Other
SUPRIYA,Supriya Lifescience Limited,Other
SURAJEST,Suraj Estate Developers Limited,Other
SURAJLTD,Suraj Limited,Other
SURAKSHA,Suraksha Diagnostic Limited,Other
SURANASOL,Surana Solar Limited,Other
SURANAT&P,Surana Telecom and Power Limited,Other
SURYALA,Suryalata Spinning Mills Limited,Other
SURYALAXMI,Suryalakshmi Cotton Mills Limited,Other
SURYAROSNI,Surya Roshni Limited,Other
SURYODAY,Suryoday Small Finance Bank Limited,Other
SUVEN,Suven Life Sciences Limited,Other
SUVIDHAA,Suvidhaa Infoserve Limited,Other
SUYOG,Suyog Telematics Limited,Other
SWARAJENG,Swaraj Engines Limited,Other
SWELECTES,Swelect Energy Systems Limited,Other
SWSOLAR,Sterling and Wilson Renewable Energy Limited,Other
SYMPHONY,Symphony Limited,Other
SYNCOMF,Syncom Formulations (India) Limited,Other
TAALTECH,Taal Tech Limited,Other
TAINWALCHM,Tainwala Chemical and Plastic (I) Limited,Other
TAJGVK,Taj GVK Hotels & Resorts Limited,Other
TAKE,Take Solutions Limited,Other
TALBROAUTO,Talbros Automotive Components Limited,Other
TANLA,Tanla Platforms Limited,Other
TARACHAND,Tara Chand InfraLogistic Solutions Limited,Other
TARAPUR,Tarapur Transformers Limited,Other
TARC,TARC Limited,Other
TARMAT,Tarmat Limited,Other
TARSONS,Tarsons Products Limited,Other
TASTYBITE,Tasty Bite Eatables Limited,Other
TATVA,Tatva Chintan Pharma Chem Limited,Other
TBZ,Tribhovandas Bhimji Zaveri Limited,Other
TCC,TCC Concept Limited,Other
TCI,Transport Corporation of India Limited,Other
TCIEXP,TCI Express Limited,Other
TCPLPACK,TCPL Packaging Limited,Other
TDPOWERSYS,TD Power Systems Limited,Other
TEAMGTY,Team India Guaranty Limited,Other
TEAMLEASE,Teamlease Services Limited,Other
TECHNVISN,TechNVision Ventures Limited,Other
TECILCHEM,TECIL Chemicals and Hydro Power Limited,Other
TEMBO,Tembo Global Industries Limited,Other
TERASOFT,Tera Software Limited,Other
TEXINFRA,Texmaco Infrastructure & Holdings Limited,Other
TEXMOPIPES,Texmo Pipes and Products Limited,Other
TEXRAIL,Texmaco Rail & Engineering Limited,Other
TFCILTD,Tourism Finance Corporation of India Limited,Other
TFL,Transwarranty Finance Limited,Other
TGBHOTELS,TGB Banquets And Hotels Limited,Other
THAKDEV,Thakkers Developers Limited,Other
THANGAMAYL,Thangamayil Jewellery Limited,Other
THEINVEST,The Investment Trust Of India Limited,Other
THEJO,Thejo Engineering Limited,Other
THEMISMED,Themis Medicare Limited,Other
THOMASCOOK,Thomas Cook  (India)  Limited,Other
THOMASCOTT,Thomas Scott (India) Limited,Other
THYROCARE,Thyrocare Technologies Limited,Other
TI,Tilaknagar Industries Limited,Other
TIIL,Technocraft Industries (India) Limited,Other
TIJARIA,Tijaria Polypipes Limited,Other
TIL,TIL Limited,Other
TIMETECHNO,Time Technoplast Limited,Other
TIMEX,Timex Group India Limited,Other
TINNARUBR,Tinna Rubber and Infrastructure Limited,Other
TIPSFILMS,Tips Films Limited,Other
TIPSMUSIC,Tips Music Limited,Other
TIRUMALCHM,Thirumalai Chemicals Limited,Other
TMB,Tamilnad Mercantile Bank Limited,Other
TNPETRO,Tamilnadu PetroProducts Limited,Other
TNPL,Tamil Nadu Newsprint & Papers Limited,Other
TNTELE,Tamilnadu Telecommunication Limited,Other
TOLINS,Tolins Tyres Limited,Other
TOTAL,Total Transport Systems Limited,Other
TOUCHWOOD,Touchwood Entertainment Limited,Other
TPHQ,Teamo Productions HQ Limited,Other
TPLPLASTEH,TPL Plastech Limited,Other
TRACXN,Tracxn Technologies Limited,Other
TRANSPEK,Transpek Industry Limited,Other
TRANSRAILL,Transrail Lighting Limited,Other
TREEHOUSE,Tree House Education & Accessories Limited,Other
TREJHARA,TREJHARA SOLUTIONS LIMITED,Other
TREL,Transindia Real Estate Limited,Other
TRF,TRF Limited,Other
TRIGYN,Trigyn Technologies Limited,Other
TRIVENI,Triveni Engineering & Industries Limited,Other
TRU,TruCap Finance Limited,Other
TRUALT,TruAlt Bioenergy Limited,Other
TSFINV,TSF INVESTMENTS LIMITED,Other
TTKHLTCARE,TTK Healthcare Limited,Other
TTKPRESTIG,TTK Prestige Limited,Other
TTL,T T Limited,Other
TURTLEMINT,Turtlemint Fintech Solutions Limited,Other
TVSELECT,TVS Electronics Limited,Other
TVSHLTD,TVS Holdings Limited,Other
TVSSCS,TVS Supply Chain Solutions Limited,Other
TVSSRICHAK,TVS Srichakra Limited,Other
TVTODAY,TV Today Network Limited,Other
UCAL,UCAL LIMITED,Other
UDS,Updater Services Limited,Other
UEL,Ujaas Energy Limited,Other
UFBL,United Foodbrands Limited,Other
UFLEX,UFLEX Limited,Other
UFO,UFO Moviez India Limited,Other
UGARSUGAR,The Ugar Sugar Works Limited,Other
UGROCAP,Ugro Capital Limited,Other
UJJIVANSFB,Ujjivan Small Finance Bank Limited,Other
ULTRAMAR,Ultramarine & Pigments Limited,Other
UMESLTD,Usha Martin Education & Solutions Limited,Other
UMIYA-MRO,UMIYA BUILDCON LIMITED,Other
UNICHEMLAB,Unichem Laboratories Limited,Other
UNIECOM,Unicommerce Esolutions Limited,Other
UNIENTER,Uniphos Enterprises Limited,Other
UNIMECH,Unimech Aerospace and Manufacturing Limited,Other
UNIPARTS,Uniparts India Limited,Other
UNITECH,Unitech Limited,Other
UNITEDTEA,The United Nilgiri Tea Estates Company Limited,Other
UNIVCABLES,Universal Cables Limited,Other
URJA,Urja Global Limited,Other
USK,Udayshivakumar Infra Limited,Other
UTKARSHBNK,Utkarsh Small Finance Bank Limited,Other
UTLSOLAR,Fujiyama Power Systems Limited,Other
UTTAMSUGAR,Uttam Sugar Mills Limited,Other
UYFINCORP,U. Y. Fincorp Limited,Other
V2RETAIL,V2 Retail Limited,Other
VADILALIND,Vadilal Industries Limited,Other
VAIBHAVGBL,Vaibhav Global Limited,Other
VAISHALI,Vaishali Pharma Limited,Other
VAKRANGEE,Vakrangee Limited,Other
VAML,Vedanta Aluminium Metal Limited,Other
VARDMNPOLY,Vardhman Polytex Limited,Other
VARROC,Varroc Engineering Limited,Other
VASWANI,Vaswani Industries Limited,Other
VCL,Vaxtex Cotfab Limited,Other
VEDPOWER,Vedanta Power Limited,Other
VEEDOL,Veedol Corporation Limited,Other
VENKEYS,Venky's (India) Limited,Other
VENTIVE,Ventive Hospitality Limited,Other
VENUSPIPES,Venus Pipes & Tubes Limited,Other
VERANDA,Veranda Learning Solutions Limited,Other
VESUVIUS,Vesuvius India Limited,Other
VGL,VARVEE GLOBAL LIMITED,Other
VGUARD,V-Guard Industries Limited,Other
VHL,Vardhman Holdings Limited,Other
VIDHIING,Vidhi Specialty Food Ingredients Limited,Other
VIDYAWIRES,Vidya Wires Limited,Other
VIKASECO,Vikas EcoTech Limited,Other
VIKASLIFE,Vikas Lifecare Limited,Other
VIKRAMSOLR,Vikram Solar Limited,Other
VIKRAN,Vikran Engineering Limited,Other
VIMTALABS,Vimta Labs Limited,Other
VINATIORGA,Vinati Organics Limited,Other
VINCOFE,Vintage Coffee And Beverages Limited,Other
VINDHYATEL,Vindhya Telelinks Limited,Other
VINNY,Vinny Overseas Limited,Other
VINYLINDIA,Vinyl Chemicals (India) Limited,Other
VIPIND,VIP Industries Limited,Other
VIRINCHI,Virinchi Limited,Other
VISAKAIND,Visaka Industries Limited,Other
VISHNU,Vishnu Chemicals Limited,Other
VISHWARAJ,Vishwaraj Sugar Industries Limited,Other
VISL,Vedanta Iron and Steel Limited,Other
VIVIDHA,Visagar Polytex Limited,Other
VIYASH,Viyash Scientific Limited,Other
VLSFINANCE,VLS Finance Limited,Other
VMART,V-Mart Retail Limited,Other
VOEPL,Virtuoso Optoelectronics Limited,Other
VOGL,Vedanta Oil and Gas Limited,Other
VOLTAMP,Voltamp Transformers Limited,Other
VRAJ,Vraj Iron and Steel Limited,Other
VRLLOG,VRL Logistics Limited,Other
VSSL,Vardhman Special Steels Limited,Other
VSTIND,VST Industries Limited,Other
VSTL,Vibhor Steel Tubes Limited,Other
VSTTILLERS,V.S.T Tillers Tractors Limited,Other
WAAREEINDO,Indosolar Limited,Other
WAAREERTL,Waaree Renewable Technologies Limited,Other
WABAG,VA Tech Wabag Limited,Other
WAKEFIT,Wakefit Innovations Limited,Other
WALCHANNAG,Walchandnagar Industries Limited,Other
WANBURY,Wanbury Limited,Other
WCIL,Western Carriers (India) Limited,Other
WEALTH,Wealth First Portfolio Managers Limited,Other
WEBELSOLAR,Websol Energy System Limited,Other
WEIZMANIND,Weizmann Limited,Other
WEL,Wonder Electricals Limited,Other
WELENT,Welspun Enterprises Limited,Other
WELSPLSOL,Welspun Specialty Solutions Limited,Other
WENDT,Wendt (India) Limited,Other
WESTLIFE,WESTLIFE FOODWORLD LIMITED,Other
WEWORK,WeWork India Management Limited,Other
WHEELS,Wheels India Limited,Other
WILLAMAGOR,Williamson Magor & Company Limited,Other
WINDLAS,Windlas Biotech Limited,Other
WINDMACHIN,Windsor Machines Limited,Other
WIPL,The Western India Plywoods Limited,Other
WONDERLA,Wonderla Holidays Limited,Other
WORTHPERI,Worth Peripherals Limited,Other
WPIL,WPIL Limited,Other
WSI,W S Industries (I) Limited,Other
WSTCSTPAPR,West Coast Paper Mills Limited,Other
XCHANGING,Xchanging Solutions Limited,Other
XELPMOC,Xelpmoc Design And Tech Limited,Other
XPROINDIA,Xpro India Limited,Other
XTGLOBAL,Xtglobal Infotech Limited,Other
YASHO,Yasho Industries Limited,Other
YATHARTH,Yatharth Hospital & Trauma Care Services Limited,Other
YATRA,Yatra Online Limited,Other
YUKEN,Yuken India Limited,Other
ZAGGLE,Zaggle Prepaid Ocean Services Limited,Other
ZEEMEDIA,Zee Media Corporation Limited,Other
ZENITHEXPO,Zenith Exports Limited,Other
ZENITHSTL,Zenith Steel Pipes & Industries Limited,Other
ZFSTEERING,ZF Steering Gear (India) Limited,Other
ZODIAC,Zodiac Energy Limited,Other
ZODIACLOTH,Zodiac Clothing Company Limited,Other
ZOTA,Zota Health Care LImited,Other
ZSARACOM,Saraswati Commercial India Limited,Other
ZUARI,Zuari Agro Chemicals Limited,Other
ZUARIIND,ZUARI INDUSTRIES LIMITED,Other
AADHARHFC,Aadhar Housing Finance Limited,Small
AARTIIND,Aarti Industries Limited,Small
AAVAS,Aavas Financiers Limited,Small
ABDL,Allied Blenders and Distillers Limited,Small
ABFRL,Aditya Birla Fashion and Retail Limited,Small
ABLBL,Aditya Birla Lifestyle Brands Limited,Small
ABREL,Aditya Birla Real Estate Limited,Small
ABSLAMC,Aditya Birla Sun Life AMC Limited,Small
ACE,Action Construction Equipment Limited,Small
ACMESOLAR,Acme Solar Holdings Limited,Small
ACUTAAS,Acutaas Chemicals Limited,Small
AEGISLOG,Aegis Logistics Limited,Small
AEGISVOPAK,Aegis Vopak Terminals Limited,Small
AFCONS,Afcons Infrastructure Limited,Small
AFFLE,Affle 3i Limited,Small
AMBER,Amber Enterprises India Limited,Small
ANANDRATHI,Anand Rathi Wealth Limited,Small
ANANTRAJ,Anant Raj Limited,Small
ANGELONE,Angel One Limited,Small
ANURAS,Anupam Rasayan India Limited,Small
APTUS,Aptus Value Housing Finance India Limited,Small
ARE&M,Amara Raja Energy & Mobility Limited,Small
ASAHIINDIA,Asahi India Glass Limited,Small
ASTERDM,Aster DM Quality Care Limited,Small
ATHERENERG,Ather Energy Limited,Small
ATUL,Atul Limited,Small
BALRAMCHIN,Balrampur Chini Mills Limited,Small
BANDHANBNK,Bandhan Bank Limited,Small
BATAINDIA,Bata India Limited,Small
BAYERCROP,Bayer Cropscience Limited,Small
BBTC,The Bombay Burmah Trading Corporation Limited,Small
BELRISE,Belrise Industries Limited,Small
BEML,BEML Limited,Small
BIKAJI,Bikaji Foods International Limited,Small
BLS,BLS International Services Limited,Small
BLUEDART,Blue Dart Express Limited,Small
BLUEJET,Blue Jet Healthcare Limited,Small
BRIGADE,Brigade Enterprises Limited,Small
BSOFT,BIRLASOFT LIMITED,Small
CAMS,Computer Age Management Services Limited,Small
CANFINHOME,Can Fin Homes Limited,Small
CANHLIFE,Canara HSBC Life Insurance Company Limited,Small
CAPLIPOINT,Caplin Point Laboratories Limited,Small
CARBORUNIV,Carborundum Universal Limited,Small
CARTRADE,Cartrade Tech Limited,Small
CASTROLIND,Castrol India Limited,Small
CCL,CCL Products (India) Limited,Small
CDSL,Central Depository Services (India) Limited,Small
CEATLTD,CEAT Limited,Small
CEMPRO,Cemindia Projects Limited,Small
CENTRALBK,Central Bank of India,Small
CESC,CESC Limited,Small
CGCL,Capri Global Capital Limited,Small
CHALET,Chalet Hotels Limited,Small
CHAMBLFERT,Chambal Fertilizers & Chemicals Limited,Small
CHENNPETRO,Chennai Petroleum Corporation Limited,Small
CHOICEIN,Choice International Limited,Small
CHOLAHLDNG,Cholamandalam Financial Holdings Limited,Small
CIEINDIA,CIE Automotive India Limited,Small
CLEAN,Clean Science and Technology Limited,Small
COHANCE,Cohance Lifesciences Limited,Small
CONCORDBIO,Concord Biotech Limited,Small
CPPLUS,Aditya Infotech Limited,Small
CRAFTSMAN,Craftsman Automation Limited,Small
CREDITACC,CREDITACCESS GRAMEEN LIMITED,Small
CROMPTON,Crompton Greaves Consumer Electricals Limited,Small
CUB,City Union Bank Limited,Small
CYIENT,Cyient Limited,Small
DATAPATTNS,Data Patterns (India) Limited,Small
DCMSHRIRAM,DCM Shriram Limited,Small
DEEPAKFERT,Deepak Fertilizers and Petrochemicals Corporation Limited,Small
DEEPAKNTR,Deepak Nitrite Limited,Small
DELHIVERY,Delhivery Limited,Small
DEVYANI,Devyani International Limited,Small
DOMS,DOMS Industries Limited,Small
ECLERX,eClerx Services Limited,Small
EIDPARRY,EID Parry India Limited,Small
EIHOTEL,EIH Limited,Small
ELECON,Elecon Engineering Company Limited,Small
ELGIEQUIP,Elgi Equipments Limited,Small
EMAMILTD,Emami Limited,Small
EMCURE,Emcure Pharmaceuticals Limited,Small
EMMVEE,Emmvee Photovoltaic Power Limited,Small
ENGINERSIN,Engineers India Limited,Small
ERIS,Eris Lifesciences Limited,Small
FACT,Fertilizers and Chemicals Travancore Limited,Small
FINCABLES,Finolex Cables Limited,Small
FIRSTCRY,Brainbees Solutions Limited,Small
FIVESTAR,Five-Star Business Finance Limited,Small
FORCEMOT,FORCE MOTORS LTD,Small
FSL,Firstsource Solutions Limited,Small
GABRIEL,Gabriel India Limited,Small
GALLANTT,Gallantt Ispat Limited,Small
GESHIP,The Great Eastern Shipping Company Limited,Small
GILLETTE,Gillette India Limited,Small
GLAND,Gland Pharma Limited,Small
GMDCLTD,Gujarat Mineral Development Corporation Limited,Small
GODIGIT,Go Digit General Insurance Limited,Small
GPIL,Godawari Power And Ispat limited,Small
GRANULES,Granules India Limited,Small
GRAPHITE,Graphite India Limited,Small
GRAVITA,Gravita India Limited,Small
GRSE,Garden Reach Shipbuilders & Engineers Limited,Small
HBLENGINE,HBL Engineering Limited,Small
HEG,HEG Limited,Small
HFCL,HFCL Limited,Small
HINDCOPPER,Hindustan Copper Limited,Small
HOMEFIRST,Home First Finance Company India Limited,Small
HONASA,Honasa Consumer Limited,Small
HSCL,Himadri Speciality Chemical Limited,Small
IDBI,IDBI Bank Limited,Small
IEX,Indian Energy Exchange Limited,Small
IFCI,IFCI Limited,Small
IGIL,International Gemological Institute Limited,Small
IGL,Indraprastha Gas Limited,Small
IIFL,IIFL Finance Limited,Small
IKS,Inventurus Knowledge Solutions Limited,Small
INDGN,Indegene Limited,Small
INDIACEM,The India Cements Limited,Small
INDIAMART,Indiamart Intermesh Limited,Small
INOXWIND,Inox Wind Limited,Small
INTELLECT,Intellect Design Arena Limited,Small
IOB,Indian Overseas Bank,Small
IRB,IRB Infrastructure Developers Limited,Small
IRCON,Ircon International Limited,Small
ITI,ITI Limited,Small
J&KBANK,The Jammu & Kashmir Bank Limited,Small
JAINREC,Jain Resource Recycling Limited,Small
JBMA,JBM Auto Limited,Small
JINDALSAW,Jindal Saw Limited,Small
JKTYRE,JK Tyre & Industries Limited,Small
JMFINANCIL,JM Financial Limited,Small
JPPOWER,Jaiprakash Power Ventures Limited,Small
JSWCEMENT,JSW Cement Limited,Small
JSWDULUX,JSW Dulux Limited,Small
JUBLINGREA,Jubilant Ingrevia Limited,Small
JUBLPHARMA,Jubilant Pharmova Limited,Small
JWL,Jupiter Wagons Limited,Small
JYOTICNC,Jyoti CNC Automation Limited,Small
KAJARIACER,Kajaria Ceramics Limited,Small
KARURVYSYA,Karur Vysya Bank Limited,Small
KAYNES,Kaynes Technology India Limited,Small
KEC,KEC International Limited,Small
KFINTECH,Kfin Technologies Limited,Small
KIMS,Krishna Institute of Medical Sciences Limited,Small
KIRLOSENG,Kirloskar Oil Engines Limited,Small
KPIL,Kalpataru Projects International Limited,Small
LALPATHLAB,Dr. Lal Path Labs Ltd.,Small
LATENTVIEW,Latent View Analytics Limited,Small
LEMONTREE,Lemon Tree Hotels Limited,Small
LTFOODS,LT Foods Limited,Small
MANAPPURAM,Manappuram Finance Limited,Small
MAPMYINDIA,C.E. Info Systems Limited,Small
MEESHO,Meesho Limited,Small
MGL,Mahanagar Gas Limited,Small
MINDACORP,Minda Corporation Limited,Small
MMTC,MMTC Limited,Small
MRPL,Mangalore Refinery and Petrochemicals Limited,Small
MSUMI,Motherson Sumi Wiring India Limited,Small
NATCOPHARM,Natco Pharma Limited,Small
NAVA,NAVA LIMITED,Small
NAVINFLUOR,Navin Fluorine International Limited,Small
NBCC,NBCC (India) Limited,Small
NCC,NCC Limited,Small
NETWEB,Netweb Technologies India Limited,Small
NEULANDLAB,Neuland Laboratories Limited,Small
NEWGEN,Newgen Software Technologies Limited,Small
NH,Narayana Hrudayalaya Ltd.,Small
NIVABUPA,Niva Bupa Health Insurance Company Limited,Small
NSLNISP,NMDC Steel Limited,Small
NUVAMA,Nuvama Wealth Management Limited,Small
NUVOCO,Nuvoco Vistas Corporation Limited,Small
OLAELEC,Ola Electric Mobility Limited,Small
OLECTRA,Olectra Greentech Limited,Small
ONESOURCE,Onesource Specialty Pharma Limited,Small
PARADEEP,Paradeep Phosphates Limited,Small
PCBL,PCBL Chemical Limited,Small
PFIZER,Pfizer Limited,Small
PFOCUS,Prime Focus Limited,Small
PGEL,PG Electroplast Limited,Small
PINELABS,Pine Labs Limited,Small
PIRAMALFIN,Piramal Finance Limited,Small
PNBHOUSING,PNB Housing Finance Limited,Small
POLYMED,Poly Medicure Limited,Small
POONAWALLA,Poonawalla Fincorp Limited,Small
PPLPHARMA,Piramal Pharma Limited,Small
PTCIL,PTC Industries Limited,Small
PVRINOX,PVR INOX Limited,Small
PWL,Physicswallah Limited,Small
RAILTEL,Railtel Corporation Of India Limited,Small
RAINBOW,Rainbow Childrens Medicare Limited,Small
RAMCOCEM,The Ramco Cements Limited,Small
RBLBANK,RBL Bank Limited,Small
REDINGTON,Redington Limited,Small
RHIM,RHI MAGNESITA INDIA LIMITED,Small
RITES,RITES Limited,Small
RKFORGE,Ramkrishna Forgings Limited,Small
RPOWER,Reliance Power Limited,Small
RRKABEL,R R Kabel Limited,Small
SAGILITY,SAGILITY LIMITED,Small
SAILIFE,Sai Life Sciences Limited,Small
SAMMAANCAP,Sammaan Capital Limited,Small
SAPPHIRE,Sapphire Foods India Limited,Small
SARDAEN,Sarda Energy & Minerals Limited,Small
SAREGAMA,Saregama India Limited,Small
SBFC,SBFC Finance Limited,Small
SCHNEIDER,Schneider Electric Infrastructure Limited,Small
SCI,Shipping Corporation Of India Limited,Small
SHYAMMETL,Shyam Metalics and Energy Limited,Small
SIGNATURE,Signatureglobal (India) Limited,Small
SOBHA,Sobha Limited,Small
SONACOMS,Sona BLW Precision Forgings Limited,Small
SONATSOFTW,Sonata Software Limited,Small
SPLPETRO,Supreme Petrochem Limited,Small
STARHEALTH,Star Health and Allied Insurance Company Limited,Small
SUMICHEM,Sumitomo Chemical India Limited,Small
SUNTV,Sun TV Network Limited,Small
SWANCORP,SWAN CORP LIMITED,Small
SYNGENE,Syngene International Limited,Small
SYRMA,Syrma SGS Technology Limited,Small
TARIL,Transformers And Rectifiers (India) Limited,Small
TATACHEM,Tata Chemicals Limited,Small
TATATECH,Tata Technologies Limited,Small
TBOTEK,TBO Tek Limited,Small
TECHNOE,Techno Electric & Engineering Company Limited,Small
TEGA,Tega Industries Limited,Small
TEJASNET,Tejas Networks Limited,Small
TENNIND,Tenneco Clean Air India Limited,Small
THELEELA,Leela Palaces Hotels & Resorts Limited,Small
TIMKEN,Timken India Limited,Small
TITAGARH,TITAGARH RAIL SYSTEMS LIMITED,Small
TRAVELFOOD,Travel Food Services Limited,Small
TRIDENT,Trident Limited,Small
TRITURBINE,Triveni Turbine Limited,Small
TTML,Tata Teleservices (Maharashtra) Limited,Small
UCOBANK,UCO Bank,Small
URBANCO,Urban Company Limited,Small
USHAMART,Usha Martin Limited,Small
UTIAMC,UTI Asset Management Company Limited,Small
VIJAYA,Vijaya Diagnostic Centre Limited,Small
VTL,Vardhman Textiles Limited,Small
WELCORP,Welspun Corp Limited,Small
WELSPUNLIV,Welspun Living Limited,Small
WHIRLPOOL,Whirlpool of India Limited,Small
WOCKPHARMA,Wockhardt Limited,Small
ZEEL,Zee Entertainment Enterprises Limited,Small
ZENSARTECH,Zensar Technologies Limited,Small
ZENTEC,Zen Technologies Limited,Small
ZFCVINDIA,ZF Commercial Vehicle Control Systems India Limited,Small
ZYDUSWELL,Zydus Wellness Limited,Small
