Symbol,Direction,Timeframe,EntryDate,EntryPrice,SignalBarPrice,BuyScore,Status,LastCheckedDate,LastPrice,UnrealizedReturnPct,SignalReturnPct,ExitDate,ExitPrice,ReturnPct,HoldingDays,ExitReason,Flag
GABRIEL,BUY,Monthly,2026-08-15,1459.0,1389.13,93.0,OPEN,2026-10-02,1315.0,-9.87,-9.87,,,,34,,
EXIDEIND,BUY,Monthly,2026-08-15,476.1,452.7,84.0,OPEN,2026-10-02,409.45,-14.0,-14.0,,,,34,,
LALPATHLAB,BUY,Monthly,2026-08-15,1916.3,1878.8,82.0,OPEN,2026-10-02,2005.1,4.63,4.63,,,,34,,
BOSCHLTD,BUY,Monthly,2026-08-15,47100.0,41278.36,80.0,OPEN,2026-10-02,45480.0,-3.44,-3.44,,,,33,,Price moved +14.1% since the signal bar (41278.36 -> 47100.00)
GODREJIND,BUY,Monthly,2026-08-15,1252.5,1309.4,72.0,OPEN,2026-10-02,1019.6,-18.59,-18.59,,,,34,,
PREMIERPOL,BUY,Monthly,2026-08-15,73.55,73.53,94.0,OPEN,2026-10-02,90.64,23.24,23.24,,,,34,,Flagged: +19.4% single-day move — verify price data before trusting this result
MPSLTD,BUY,Monthly,2026-08-15,2808.7,2650.2,91.0,OPEN,2026-10-02,2628.4,-6.42,-6.42,,,,34,,
TBZ,BUY,Monthly,2026-08-15,251.35,276.34,90.0,OPEN,2026-10-02,623.45,148.04,148.04,,,,34,,Flagged: +20.0% single-day move — verify price data before trusting this result
GNA,BUY,Monthly,2026-08-15,542.7,530.8,89.0,OPEN,2026-10-02,580.7,7.0,7.0,,,,34,,
CNL,BUY,Monthly,2026-08-15,1243.0,997.15,87.0,OPEN,2026-10-02,1079.2,-13.18,-13.18,,,,33,,Price moved +24.7% since the signal bar (997.15 -> 1243.00)
MMFL,BUY,Monthly,2026-08-15,589.75,535.0,82.0,OPEN,2026-10-02,571.95,-3.02,-3.02,,,,33,,Price moved +10.2% since the signal bar (535.00 -> 589.75)
GREAVESCOT,BUY,Monthly,2026-08-15,194.37,238.05,69.0,OPEN,2026-10-02,225.98,16.26,16.26,,,,34,,Price moved -18.3% since the signal bar (238.05 -> 194.37)
SIS,BUY,Monthly,2026-08-15,429.65,424.25,66.0,OPEN,2026-10-02,412.85,-3.91,-3.91,,,,34,,
SHRIRAMFIN,BUY,Weekly,2026-08-16,1122.0,1115.0,75.0,OPEN,2026-10-02,945.0,-15.78,-15.78,,,,34,,
ANTELOPUS,BUY,Monthly,2026-08-16,782.6,821.5,69.0,OPEN,2026-10-02,1106.5,41.39,41.39,,,,34,,Flagged: +20.0% single-day move — verify price data before trusting this result
RBA,BUY,Weekly,2026-08-16,99.08,94.92,88.0,OPEN,2026-10-02,92.22,-6.92,-6.92,,,,34,,
MANYAVAR,BUY,Weekly,2026-08-16,528.75,516.9,87.0,OPEN,2026-10-02,519.2,-1.81,-1.81,,,,34,,
GULFOILLUB,BUY,Weekly,2026-08-16,1159.3,1189.5,84.0,OPEN,2026-10-02,1093.0,-5.72,-5.72,,,,34,,
FIEMIND,BUY,Weekly,2026-08-16,2350.4,2580.3,91.0,OPEN,2026-10-02,1794.8,-23.64,-23.64,,,,34,,
TNPETRO,BUY,Weekly,2026-08-17,112.8,110.93,88.0,OPEN,2026-10-02,123.18,9.2,9.2,,,,33,,
TVSSRICHAK,BUY,Weekly,2026-08-17,4740.0,4478.1,84.0,OPEN,2026-10-02,4349.3,-8.24,-8.24,,,,33,,
DYCL,BUY,Weekly,2026-08-17,466.0,450.2,78.0,OPEN,2026-10-02,428.0,-8.15,-8.15,,,,33,,
KRYSTAL,BUY,Weekly,2026-08-17,621.15,620.0,76.0,OPEN,2026-10-02,610.2,-1.76,-1.76,,,,33,,
PVSL,BUY,Weekly,2026-08-17,115.9,116.51,84.0,OPEN,2026-10-02,89.86,-22.47,-22.47,,,,32,,
BANARISUG,BUY,Weekly,2026-08-24,3997.9,4019.7,89.0,OPEN,2026-10-02,3300.5,-17.44,-17.44,,,,27,,
JPOLYINVST,SELL,Weekly,2026-08-30,,964.0,,OPEN,2026-08-30,,0.0,0.0,,,,0,,
TRIVENI,SELL,Monthly,2026-08-30,283.82,221.5,,OPEN,2026-10-02,230.92,-18.64,18.64,,,,23,,Price moved +28.1% since the signal bar (221.50 -> 283.82)
NSLNISP,SELL,Weekly,2026-08-30,49.02,39.79,,OPEN,2026-10-02,40.95,-16.46,16.46,,,,24,,Price moved +23.2% since the signal bar (39.79 -> 49.02)
BSE,SELL,Weekly,2026-08-30,3405.0,3241.0,,OPEN,2026-10-02,3046.0,-10.54,10.54,,,,24,,
TMPV,SELL,Weekly,2026-08-30,319.4,317.9,,OPEN,2026-10-02,279.4,-12.52,12.52,,,,24,,
PAGEIND,SELL,Weekly,2026-08-30,,35480.0,,OPEN,2026-08-30,,0.0,0.0,,,,0,,
SHANTIGEAR,SELL,Monthly,2026-08-30,517.75,412.3,,OPEN,2026-10-02,573.65,10.8,-10.8,,,,24,,Price moved +25.6% since the signal bar (412.30 -> 517.75) | Flagged: +18.9% single-day move — verify price data before trusting this result
PGHL,SELL,Weekly,2026-08-30,5670.5,5783.01,,OPEN,2026-10-02,5360.0,-5.48,5.48,,,,24,,
THERMAX,SELL,Weekly,2026-08-30,3944.2,3967.8,,OPEN,2026-10-02,3360.6,-14.8,14.8,,,,24,,
TRITURBINE,SELL,Weekly,2026-08-30,,574.85,,OPEN,2026-08-30,,0.0,0.0,,,,0,,
DELTACORP,SELL,Weekly,2026-08-30,59.43,58.62,,OPEN,2026-10-02,73.48,23.64,-23.64,,,,24,,
FDC,SELL,Weekly,2026-08-30,,348.6,,OPEN,2026-08-30,,0.0,0.0,,,,0,,
ZOTA,SELL,Weekly,2026-08-30,,1087.4,,OPEN,2026-08-30,,0.0,0.0,,,,0,,
TAKE,SELL,Monthly,2026-08-30,,21.42,,OPEN,2026-08-30,,0.0,0.0,,,,0,,
RAMCOSYS,SELL,Weekly,2026-08-30,578.4,543.65,,OPEN,2026-10-02,546.25,-5.56,5.56,,,,24,,
INSECTICID,SELL,Weekly,2026-08-30,,609.75,,OPEN,2026-08-30,,0.0,0.0,,,,0,,
TATACHEM,SELL,Weekly,2026-08-30,655.75,626.75,,OPEN,2026-10-02,607.8,-7.31,7.31,,,,24,,Flagged: +20.0% single-day move — verify price data before trusting this result
TATACONSUM,SELL,Weekly,2026-08-30,1040.7,1049.0,,OPEN,2026-10-02,957.0,-8.04,8.04,,,,24,,
HUDCO,SELL,Weekly,2026-08-30,183.23,186.09,,OPEN,2026-10-02,161.54,-11.84,11.84,,,,24,,
SALZERELEC,SELL,Weekly,2026-08-30,552.6,566.95,,OPEN,2026-10-02,530.9,-3.93,3.93,,,,24,,
SAIL,BUY,Weekly,2026-08-31,196.91,200.0,90.0,OPEN,2026-10-02,174.5,-11.38,-11.38,,,,23,,
MCX,BUY,Weekly,2026-08-31,3337.8,3332.0,75.0,OPEN,2026-10-02,3204.0,-4.01,-4.01,,,,23,,
FIEMIND,SELL,Weekly,2026-08-31,2046.4,2087.7,,OPEN,2026-10-02,1794.8,-12.29,12.29,,,,23,,
WEL,SELL,Weekly,2026-08-31,89.82,99.8,,OPEN,2026-10-02,71.7,-20.17,20.17,,,,22,,Price moved -10.0% since the signal bar (99.80 -> 89.82)
PANACEABIO,SELL,Weekly,2026-08-31,392.25,395.5,,OPEN,2026-10-02,359.05,-8.46,8.46,,,,23,,
JPPOWER,SELL,Weekly,2026-08-31,16.82,16.82,,OPEN,2026-10-02,14.8,-12.01,12.01,,,,23,,
BOROSCI,SELL,Weekly,2026-08-31,123.38,125.89,,OPEN,2026-10-02,112.72,-8.64,8.64,,,,23,,
LUPIN,SELL,Weekly,2026-08-31,2158.9,2171.5,,OPEN,2026-10-02,2031.2,-5.92,5.92,,,,23,,
CROMPTON,SELL,Weekly,2026-08-31,233.15,233.0,,OPEN,2026-10-02,202.7,-13.06,13.06,,,,23,,
TERASOFT,SELL,Weekly,2026-08-31,291.3,301.35,,OPEN,2026-10-02,207.91,-28.63,28.63,,,,22,,
NELCAST,SELL,Weekly,2026-08-31,118.94,117.08,,OPEN,2026-10-02,121.03,1.76,-1.76,,,,22,,
DJML,SELL,Weekly,2026-08-31,71.51,73.08,,OPEN,2026-10-02,72.61,1.54,-1.54,,,,22,,
WALCHANNAG,SELL,Weekly,2026-08-31,215.0,221.09,,OPEN,2026-10-02,196.08,-8.8,8.8,,,,23,,
IPL,SELL,Weekly,2026-08-31,136.48,137.79,,OPEN,2026-10-02,130.68,-4.25,4.25,,,,23,,
ASTEC,SELL,Weekly,2026-08-31,563.0,581.45,,OPEN,2026-10-02,708.6,25.86,-25.86,,,,23,,Flagged: +20.0% single-day move — verify price data before trusting this result
SAMMAANCAP,SELL,Weekly,2026-08-31,145.75,145.8,,OPEN,2026-10-02,132.48,-9.1,9.1,,,,23,,
WEBELSOLAR,SELL,Weekly,2026-08-31,76.96,77.84,,OPEN,2026-10-02,68.7,-10.73,10.73,,,,23,,
CESC,SELL,Weekly,2026-08-31,146.41,148.11,,OPEN,2026-10-02,131.62,-10.1,10.1,,,,23,,
PRECAM,SELL,Weekly,2026-08-31,124.99,126.33,,OPEN,2026-10-02,109.9,-12.07,12.07,,,,23,,
SHRIRAMPPS,SELL,Weekly,2026-08-31,77.03,75.97,,OPEN,2026-10-02,67.36,-12.55,12.55,,,,23,,
TCPLPACK,BUY,Monthly,2026-09-01,3873.9,3821.7,91.0,OPEN,2026-10-02,3927.1,1.37,1.37,,,,21,,
KALYANIFRG,BUY,Weekly,2026-09-01,1097.15,761.95,91.0,OPEN,2026-10-02,944.75,-13.89,-13.89,,,,22,,Price moved +44.0% since the signal bar (761.95 -> 1097.15)
MARKSANS,BUY,Monthly,2026-09-01,319.9,321.6,90.0,OPEN,2026-10-02,325.6,1.78,1.78,,,,22,,
MANAKSTEEL,BUY,Monthly,2026-09-01,104.49,94.79,89.0,OPEN,2026-10-02,108.89,4.21,4.21,,,,21,,Price moved +10.2% since the signal bar (94.79 -> 104.49)
IFCI,BUY,Monthly,2026-09-01,87.42,89.7,89.0,OPEN,2026-10-02,65.14,-25.49,-25.49,,,,22,,
ZYDUSLIFE,BUY,Monthly,2026-09-01,1173.1,1161.3,88.0,OPEN,2026-10-02,1145.7,-2.34,-2.34,,,,22,,
BALRAMCHIN,BUY,Monthly,2026-09-01,670.55,693.5,87.0,OPEN,2026-10-02,649.05,-3.21,-3.21,,,,22,,
KDDL,BUY,Monthly,2026-09-01,3878.0,3936.9,87.0,OPEN,2026-10-02,3911.2,0.86,0.86,,,,22,,
REDINGTON,BUY,Monthly,2026-09-01,351.4,357.75,85.0,OPEN,2026-10-02,397.95,13.25,13.25,,,,22,,
DALMIASUG,BUY,Monthly,2026-09-01,474.0,477.95,84.0,OPEN,2026-10-02,396.7,-16.31,-16.31,,,,22,,
OMAXE,BUY,Monthly,2026-09-01,133.38,131.74,84.0,OPEN,2026-10-02,108.78,-18.44,-18.44,,,,22,,
LMW,BUY,Monthly,2026-09-01,19157.0,18901.0,82.0,OPEN,2026-10-02,16548.0,-13.62,-13.62,,,,21,,
KPIL,BUY,Monthly,2026-09-01,1407.1,1386.3,75.0,OPEN,2026-10-02,1356.4,-3.6,-3.6,,,,22,,
JINDALSAW,BUY,Monthly,2026-09-01,310.4,309.65,72.0,OPEN,2026-10-02,270.3,-12.92,-12.92,,,,22,,
COFORGE,BUY,Monthly,2026-09-01,1986.3,1985.3,69.0,OPEN,2026-10-02,1826.0,-8.07,-8.07,,,,22,,
STARCEMENT,SELL,Monthly,2026-09-01,185.67,184.76,,OPEN,2026-10-02,178.39,-3.92,3.92,,,,22,,
SOLEX,SELL,Monthly,2026-09-01,735.35,759.6,,OPEN,2026-10-02,670.95,-8.76,8.76,,,,22,,
INDRAMEDCO,SELL,Monthly,2026-09-01,358.5,368.05,,OPEN,2026-10-02,338.6,-5.55,5.55,,,,22,,
ICICIGI,SELL,Monthly,2026-09-01,1567.4,1566.9,,OPEN,2026-10-02,1563.0,-0.28,0.28,,,,22,,
INDORAMA,BUY,Monthly,2026-09-02,65.71,65.92,84.0,OPEN,2026-10-02,95.81,45.81,45.81,,,,21,,Flagged: +17.0% single-day move — verify price data before trusting this result
SANGHVIMOV,BUY,Monthly,2026-09-02,451.0,457.25,75.0,OPEN,2026-10-02,429.5,-4.77,-4.77,,,,21,,
ASIANHOTNR,BUY,Weekly,2026-09-07,386.9,384.75,93.0,OPEN,2026-10-02,348.1,-10.03,-10.03,,,,18,,
PFOCUS,BUY,Weekly,2026-09-07,305.3,307.0,75.0,OPEN,2026-10-02,301.55,-1.23,-1.23,,,,18,,
POLYCAB,SELL,Weekly,2026-09-07,8202.0,8300.0,,OPEN,2026-10-02,7990.0,-2.58,2.58,,,,18,,
ATGL,SELL,Weekly,2026-09-07,605.75,612.35,,OPEN,2026-10-02,583.05,-3.75,3.75,,,,18,,
BORORENEW,SELL,Weekly,2026-09-07,511.0,499.15,,OPEN,2026-10-02,449.6,-12.02,12.02,,,,18,,
RPSGVENT,SELL,Weekly,2026-09-07,817.75,831.4,,OPEN,2026-10-02,829.85,1.48,-1.48,,,,17,,
NACLIND,SELL,Weekly,2026-09-07,166.11,166.84,,OPEN,2026-10-02,130.41,-21.49,21.49,,,,18,,
ADVENZYMES,SELL,Weekly,2026-09-07,296.75,293.2,,OPEN,2026-10-02,274.25,-7.58,7.58,,,,18,,
ASHAPURMIN,SELL,Weekly,2026-09-07,543.05,551.0,,OPEN,2026-10-02,489.95,-9.78,9.78,,,,18,,
LINDEINDIA,SELL,Weekly,2026-09-07,6335.5,6346.0,,OPEN,2026-10-02,6247.5,-1.39,1.39,,,,18,,
ATALREAL,SELL,Weekly,2026-09-07,26.54,26.22,,OPEN,2026-10-02,12.78,-51.85,51.85,,,,18,,Flagged: +20.1% single-day move — verify price data before trusting this result
SWSOLAR,SELL,Weekly,2026-09-07,184.83,186.23,,OPEN,2026-10-02,164.82,-10.83,10.83,,,,18,,
DCXINDIA,SELL,Weekly,2026-09-07,171.53,168.83,,OPEN,2026-10-02,158.99,-7.31,7.31,,,,18,,
HEMIPROP,SELL,Weekly,2026-09-07,125.26,126.55,,OPEN,2026-10-02,111.5,-10.99,10.99,,,,18,,
PNCINFRA,SELL,Weekly,2026-09-07,180.96,183.11,,OPEN,2026-10-02,138.16,-23.65,23.65,,,,18,,Flagged: +20.0% single-day move — verify price data before trusting this result
RTNINDIA,SELL,Weekly,2026-09-07,28.17,27.82,,OPEN,2026-10-02,25.32,-10.12,10.12,,,,18,,
ASAHIINDIA,BUY,Weekly,2026-09-15,959.05,985.8,72.0,OPEN,2026-10-02,944.25,-1.54,-1.54,,,,12,,
DCI,SELL,Weekly,2026-09-15,252.3,271.7,,OPEN,2026-10-02,342.95,35.93,-35.93,,,,12,,
KEI,SELL,Weekly,2026-09-15,4489.5,4578.0,,OPEN,2026-10-02,4502.0,0.28,-0.28,,,,12,,
IXIGO,SELL,Weekly,2026-09-15,164.06,158.63,,OPEN,2026-10-02,161.9,-1.32,1.32,,,,12,,
KERNEX,SELL,Weekly,2026-09-15,1668.8,1732.1,,OPEN,2026-10-02,1643.5,-1.52,1.52,,,,12,,
ADANIENSOL,SELL,Weekly,2026-09-15,1357.5,1373.0,,OPEN,2026-10-02,1326.4,-2.29,2.29,,,,12,,
BUTTERFLY,SELL,Weekly,2026-09-15,584.5,586.25,,OPEN,2026-10-02,550.5,-5.82,5.82,,,,12,,
RELAXO,SELL,Weekly,2026-09-15,318.0,324.95,,OPEN,2026-10-02,285.35,-10.27,10.27,,,,12,,
SPARC,SELL,Weekly,2026-09-15,190.1,196.01,,OPEN,2026-10-02,194.13,2.12,-2.12,,,,12,,
THANGAMAYL,SELL,Weekly,2026-09-15,4964.0,5126.0,,OPEN,2026-10-02,4861.0,-2.07,2.07,,,,12,,
POKARNA,SELL,Weekly,2026-09-15,771.35,804.15,,OPEN,2026-10-02,699.1,-9.37,9.37,,,,12,,
SUYOG,SELL,Weekly,2026-09-15,657.1,650.5,,OPEN,2026-10-02,689.9,4.99,-4.99,,,,12,,
CANFINHOME,SELL,Weekly,2026-09-15,784.0,779.75,,OPEN,2026-10-02,711.0,-9.31,9.31,,,,12,,
CAPACITE,SELL,Weekly,2026-09-15,188.77,191.98,,OPEN,2026-10-02,180.33,-4.47,4.47,,,,12,,
SURYODAY,SELL,Weekly,2026-09-15,146.0,148.05,,OPEN,2026-10-02,143.55,-1.68,1.68,,,,12,,
APEX,SELL,Weekly,2026-09-15,358.85,368.5,,OPEN,2026-10-02,326.3,-9.07,9.07,,,,12,,
ATULAUTO,SELL,Weekly,2026-09-15,444.45,445.6,,OPEN,2026-10-02,424.8,-4.42,4.42,,,,12,,
NAVNETEDUL,SELL,Weekly,2026-09-16,124.8,127.85,,OPEN,2026-10-02,123.87,-0.75,0.75,,,,11,,
SKMEGGPROD,SELL,Weekly,2026-09-21,228.4,231.9,,OPEN,2026-10-02,205.29,-10.12,10.12,,,,8,,
MUTHOOTMF,SELL,Weekly,2026-09-21,188.85,189.28,,OPEN,2026-10-02,174.09,-7.82,7.82,,,,8,,
AIAENG,SELL,Weekly,2026-09-21,3910.0,3805.8,,OPEN,2026-10-02,3824.4,-2.19,2.19,,,,8,,
GODREJIND,SELL,Weekly,2026-09-21,1107.8,1107.4,,OPEN,2026-10-02,1019.6,-7.96,7.96,,,,8,,
REFEX,SELL,Weekly,2026-09-21,284.15,271.75,,OPEN,2026-10-02,271.3,-4.52,4.52,,,,8,,
PSPPROJECT,SELL,Weekly,2026-09-21,818.45,810.1,,OPEN,2026-10-02,747.1,-8.72,8.72,,,,8,,
OLECTRA,SELL,Weekly,2026-09-21,1190.2,1198.8,,OPEN,2026-10-02,1096.2,-7.9,7.9,,,,8,,
PREMIERENE,SELL,Weekly,2026-09-21,901.1,902.0,,OPEN,2026-10-02,878.05,-2.56,2.56,,,,8,,
APTUS,SELL,Weekly,2026-09-21,238.06,237.68,,OPEN,2026-10-02,226.4,-4.9,4.9,,,,8,,
HUHTAMAKI,SELL,Weekly,2026-09-21,245.3,245.0,,OPEN,2026-10-02,232.72,-5.13,5.13,,,,8,,
BANARISUG,SELL,Weekly,2026-09-21,3303.1,3267.2,,OPEN,2026-10-02,3300.5,-0.08,0.08,,,,8,,
TRENT,SELL,Weekly,2026-09-21,2827.7,2789.0,,OPEN,2026-10-02,2580.0,-8.76,8.76,,,,8,,
TVSHLTD,SELL,Weekly,2026-09-21,12772.0,12769.0,,OPEN,2026-10-02,11886.0,-6.94,6.94,,,,8,,
GODREJPROP,SELL,Weekly,2026-09-21,1702.4,1691.1,,OPEN,2026-10-02,1595.8,-6.26,6.26,,,,8,,
SUBROS,SELL,Weekly,2026-09-21,718.55,678.0,,OPEN,2026-10-02,684.9,-4.68,4.68,,,,8,,
ROSSARI,SELL,Weekly,2026-09-21,441.2,437.95,,OPEN,2026-10-02,427.55,-3.09,3.09,,,,8,,
TEAMLEASE,SELL,Weekly,2026-09-22,1212.9,1219.0,,OPEN,2026-10-02,1179.4,-2.76,2.76,,,,7,,
DELHIVERY,SELL,Weekly,2026-09-22,429.9,428.0,,OPEN,2026-10-02,400.0,-6.96,6.96,,,,7,,
AMBER,SELL,Weekly,2026-09-22,7025.0,7125.0,,OPEN,2026-10-02,6500.0,-7.47,7.47,,,,7,,
WANBURY,SELL,Weekly,2026-09-23,233.0,222.75,,OPEN,2026-10-02,197.99,-15.03,15.03,,,,6,,
SSDL,BUY,Weekly,2026-09-28,81.9,73.31,89.0,OPEN,2026-10-02,69.39,-15.27,-15.27,,,,3,,Price moved +11.7% since the signal bar (73.31 -> 81.90)
DHARMAJ,BUY,Weekly,2026-09-28,287.4,295.15,83.0,OPEN,2026-10-02,267.65,-6.87,-6.87,,,,3,,
IFCI,SELL,Weekly,2026-09-28,70.69,73.95,,OPEN,2026-10-02,65.14,-7.85,7.85,,,,3,,
NIACL,SELL,Weekly,2026-09-28,170.4,176.6,,OPEN,2026-10-02,160.21,-5.98,5.98,,,,3,,
JLHL,SELL,Weekly,2026-09-28,263.65,265.65,,OPEN,2026-10-02,259.85,-1.44,1.44,,,,3,,
CUMMINSIND,SELL,Weekly,2026-09-28,4828.5,4945.0,,OPEN,2026-10-02,4860.0,0.65,-0.65,,,,3,,
ELECTHERM,SELL,Weekly,2026-09-28,802.35,873.35,,OPEN,2026-10-02,743.6,-7.32,7.32,,,,3,,
SUMICHEM,SELL,Weekly,2026-09-28,434.1,446.35,,OPEN,2026-10-02,417.6,-3.8,3.8,,,,3,,
SOUTHWEST,SELL,Weekly,2026-09-28,186.32,186.71,,OPEN,2026-10-02,181.7,-2.48,2.48,,,,3,,
TVSELECT,SELL,Weekly,2026-09-28,379.85,383.3,,OPEN,2026-10-02,397.4,4.62,-4.62,,,,3,,
EQUITASBNK,SELL,Weekly,2026-09-28,66.14,67.03,,OPEN,2026-10-02,68.41,3.43,-3.43,,,,3,,
ICEMAKE,SELL,Weekly,2026-09-28,651.3,663.8,,OPEN,2026-10-02,623.65,-4.25,4.25,,,,3,,
TTKPRESTIG,SELL,Weekly,2026-09-28,514.0,524.4,,OPEN,2026-10-02,506.4,-1.48,1.48,,,,3,,
MEDICO,SELL,Weekly,2026-09-28,22.3,26.0,,OPEN,2026-10-02,21.86,-1.97,1.97,,,,3,,Price moved -14.2% since the signal bar (26.00 -> 22.30)
ADANIPOWER,SELL,Weekly,2026-09-28,195.99,202.75,,OPEN,2026-10-02,196.21,0.11,-0.11,,,,3,,
VAIBHAVGBL,SELL,Weekly,2026-09-28,200.32,206.38,,OPEN,2026-10-02,203.53,1.6,-1.6,,,,3,,
CUBEXTUB,BUY,Monthly,2026-10-01,166.1,174.84,94.0,OPEN,2026-10-01,166.1,0.0,0.0,,,,0,,
MUKANDLTD,BUY,Weekly,2026-10-01,174.99,167.05,94.0,OPEN,2026-10-01,174.99,0.0,0.0,,,,0,,
EDELWEISS,BUY,Monthly,2026-10-01,138.7,142.73,92.0,OPEN,2026-10-01,138.7,0.0,0.0,,,,0,,
DPABHUSHAN,BUY,Monthly,2026-10-01,1869.9,1788.8,91.0,OPEN,2026-10-01,1869.9,0.0,0.0,,,,0,,
JASH,BUY,Monthly,2026-10-01,578.0,591.65,91.0,OPEN,2026-10-01,578.0,0.0,0.0,,,,0,,
CARBORUNIV,BUY,Monthly,2026-10-01,1236.0,1252.5,89.0,OPEN,2026-10-01,1236.0,0.0,0.0,,,,0,,
ONEPOINT,BUY,Monthly,2026-10-01,74.0,73.39,87.0,OPEN,2026-10-01,74.0,0.0,0.0,,,,0,,
OPTIEMUS,BUY,Monthly,2026-10-01,796.95,767.75,87.0,OPEN,2026-10-01,796.95,0.0,0.0,,,,0,,
ORIENTBELL,BUY,Monthly,2026-10-01,395.2,398.55,82.0,OPEN,2026-10-01,395.2,0.0,0.0,,,,0,,
BOSCH-HCIL,BUY,Monthly,2026-10-01,1929.3,1876.7,76.0,OPEN,2026-10-01,1929.3,0.0,0.0,,,,0,,
MUTHOOTFIN,SELL,Monthly,2026-10-01,2705.0,2737.1,,OPEN,2026-10-01,2705.0,0.0,0.0,,,,0,,
ASTRAZEN,SELL,Monthly,2026-10-01,6049.0,6186.0,,OPEN,2026-10-01,6049.0,0.0,0.0,,,,0,,
AVANTIFEED,SELL,Monthly,2026-10-01,711.7,717.8,,OPEN,2026-10-01,711.7,0.0,0.0,,,,0,,
RELIANCE,SELL,Monthly,2026-10-01,1168.4,1187.0,,OPEN,2026-10-01,1168.4,0.0,0.0,,,,0,,
UPL,SELL,Monthly,2026-10-01,519.9,539.75,,OPEN,2026-10-01,519.9,0.0,0.0,,,,0,,
NHPC,SELL,Monthly,2026-10-01,71.8,72.81,,OPEN,2026-10-01,71.8,0.0,0.0,,,,0,,
